id,edad,genero,pais,anios_experiencia,horas_trabajo_diario,horas_sueño,uso_redes_horas,pausas_activas,nivel_estres,satisfaccion_laboral,tareas_completadas,salario_mensual_usd,area
1,58,Femenino,España,10,8.2,8.1,2.9,6,5,8,4.0,4485,IA
2,48,Masculino,Colombia,13,6.3,4.9,5.1,1,7,4,8.0,1431,Soporte
3,34,Femenino,Colombia,22,10.6,4.2,2.3,3,8,3,4.1,3256,Soporte
4,27,Otro,Chile,15,8.5,5.0,1.0,0,7,4,9.1,1781,Soporte
5,40,Otro,México,0,10.9,5.7,5.0,2,9,5,9.1,2356,Desarrollo
6,58,Masculino,España,12,11.1,6.6,3.3,1,5,1,3.6,3005,Infraestructura
7,38,Femenino,Argentina,22,7.3,7.1,1.1,5,10,1,6.9,4755,Ciberseguridad
8,42,Masculino,México,20,9.9,8.6,4.3,1,3,3,2.7,1721,IA
9,30,Masculino,México,20,8.8,6.5,3.1,0,6,6,5.1,1204,IA
10,30,Femenino,España,29,11.3,6.5,3.6,0,5,1,7.7,2420,Infraestructura
11,43,Femenino,Chile,12,7.3,4.3,2.8,4,4,2,7.3,3752,Desarrollo
12,55,Femenino,Chile,1,10.1,4.2,5.0,2,2,7,7.0,3918,Soporte
13,59,Otro,Chile,3,9.6,6.8,5.0,0,7,1,4.3,2394,Infraestructura
14,43,Masculino,Chile,27,7.8,6.2,4.3,6,5,7,5.0,1365,Ciberseguridad
15,22,Masculino,Colombia,5,6.8,8.2,0.6,1,4,4,2.8,3668,Soporte
16,41,Otro,Chile,25,9.9,4.8,5.0,1,8,10,7.8,1657,Ciberseguridad
17,21,Femenino,Colombia,26,10.4,4.1,4.0,3,9,6,6.0,2084,Datos
18,43,Otro,Colombia,22,7.9,6.2,4.2,0,9,8,7.7,1384,Ciberseguridad
19,49,Otro,Chile,26,9.9,5.2,2.2,5,3,9,4.0,2045,Soporte
20,57,Otro,Perú,4,8.4,4.2,5.3,4,3,6,4.6,851,Datos
21,21,Masculino,Argentina,24,10.3,7.6,4.4,2,5,9,4.7,2963,Soporte
22,40,Otro,México,2,7.2,4.6,0.7,5,5,4,2.2,1337,IA
23,52,Masculino,Colombia,0,11.3,7.0,2.4,4,10,6,4.7,1340,Soporte
24,31,Masculino,España,3,7.7,5.4,5.3,1,2,8,8.4,1614,Datos
25,41,Masculino,España,24,8.2,4.9,0.3,5,1,9,9.2,2215,Ciberseguridad
26,44,Femenino,Argentina,19,6.3,5.9,5.8,4,8,3,6.1,3638,IA
27,46,Masculino,España,1,6.7,8.0,4.1,1,3,2,5.6,2452,Desarrollo
28,47,Masculino,Perú,25,9.1,6.0,3.8,1,1,6,2.2,3465,Desarrollo
29,35,Femenino,España,29,7.6,7.8,1.6,1,1,4,9.0,4862,Desarrollo
30,34,Masculino,México,29,11.0,4.6,1.5,1,2,1,2.1,3156,Desarrollo
31,22,Otro,México,4,6.1,7.9,5.7,6,6,8,9.6,4610,Infraestructura
32,56,Otro,Colombia,2,8.3,5.2,1.8,1,6,9,5.9,1663,Desarrollo
33,26,Masculino,Chile,28,8.0,7.4,4.7,3,3,9,4.7,985,Datos
34,40,Femenino,Perú,27,6.1,6.8,2.4,5,4,2,9.4,2351,Desarrollo
35,28,Otro,Colombia,28,6.7,8.6,0.8,4,2,9,2.2,3007,Soporte
36,58,Femenino,Perú,8,8.5,5.9,0.1,3,2,7,6.7,1561,Desarrollo
37,37,Femenino,Chile,19,9.0,4.3,3.3,6,7,5,6.4,2079,Ciberseguridad
38,23,Otro,España,5,8.4,4.1,5.9,7,1,7,3.8,4494,Datos
39,44,Femenino,España,17,9.2,8.1,2.2,7,7,9,5.4,4081,Datos
40,33,Otro,Chile,5,9.6,6.6,2.1,3,1,8,7.2,2336,IA
41,28,Femenino,Colombia,18,6.1,7.9,2.1,0,6,6,7.8,3964,Infraestructura
42,45,Otro,Chile,27,8.8,5.2,3.1,0,3,4,2.0,3570,Soporte
43,21,Masculino,Argentina,11,11.8,5.7,2.6,0,8,1,9.5,2763,Datos
44,39,Otro,México,24,9.1,4.2,5.3,2,6,6,3.3,4645,Ciberseguridad
45,47,Otro,Colombia,10,10.1,8.8,3.0,0,2,3,3.9,4235,Desarrollo
46,26,Otro,Perú,1,7.9,7.3,3.0,4,8,6,4.1,1361,Datos
47,27,Otro,Argentina,14,10.6,8.7,0.8,3,5,6,2.3,3221,Ciberseguridad
48,54,Femenino,Colombia,11,10.6,5.3,5.9,4,8,4,3.0,2935,Desarrollo
49,33,Masculino,Chile,11,9.1,7.1,1.5,5,8,2,9.9,2861,Infraestructura
50,36,Otro,Chile,8,11.9,7.4,0.4,0,6,9,4.5,2980,Datos
51,55,Femenino,Chile,20,6.8,5.6,4.0,6,2,2,2.9,2760,Datos
52,59,Masculino,Chile,23,6.1,8.2,3.6,2,8,3,2.9,4679,Ciberseguridad
53,23,Masculino,Perú,1,10.6,8.7,2.5,5,6,10,7.8,4079,IA
54,21,Masculino,Argentina,21,10.8,8.4,2.5,6,6,1,8.8,4684,Soporte
55,25,Masculino,España,2,6.7,7.7,4.7,2,8,7,4.1,4070,Infraestructura
56,23,Otro,México,11,7.6,5.4,1.2,7,1,1,2.2,1382,Soporte
57,48,Otro,Perú,27,6.1,5.4,4.9,5,2,9,3.8,2413,Datos
58,37,Femenino,Perú,29,7.8,8.8,3.9,7,9,1,2.5,1901,Soporte
59,45,Femenino,España,25,10.6,4.1,2.5,3,8,5,2.8,1088,Desarrollo
60,53,Femenino,España,15,9.1,7.6,2.7,4,7,7,5.5,4659,Infraestructura
61,29,Masculino,México,20,8.1,7.5,1.5,1,7,3,3.8,3860,Soporte
62,55,Masculino,México,27,8.2,7.1,4.5,4,5,9,6.1,3726,Desarrollo
63,33,Otro,España,23,6.0,9.0,3.1,0,2,8,4.0,4902,Ciberseguridad
64,50,Masculino,Chile,25,7.8,5.6,1.9,7,6,3,9.5,1983,Soporte
65,34,Masculino,Perú,29,9.9,5.7,3.6,6,10,5,9.2,2246,Infraestructura
66,27,Masculino,Colombia,0,11.8,4.4,6.0,1,3,7,6.5,2549,Desarrollo
67,33,Femenino,México,20,11.1,6.2,2.6,2,4,4,4.8,2703,Soporte
68,42,Femenino,México,2,6.1,5.3,5.5,7,10,5,5.0,3975,Ciberseguridad
69,59,Otro,España,19,11.4,5.7,2.1,3,2,3,5.3,1877,Soporte
70,40,Masculino,Argentina,1,10.7,8.2,0.3,3,2,9,7.8,3177,Desarrollo
71,35,Masculino,Colombia,8,10.7,8.7,1.2,7,8,10,5.6,1647,Soporte
72,37,Otro,Colombia,18,8.7,4.9,2.5,7,8,9,8.9,3676,Infraestructura
73,43,Masculino,México,14,8.4,5.9,1.3,7,10,7,9.6,2039,Datos
74,45,Masculino,Chile,17,7.8,8.6,0.0,2,6,10,4.7,2132,Desarrollo
75,44,Femenino,Argentina,25,6.4,4.3,5.5,0,5,2,6.5,4306,Desarrollo
76,48,Otro,Colombia,10,7.4,4.5,5.1,2,8,7,2.8,3179,Desarrollo
77,34,Otro,México,24,7.5,4.8,4.5,5,4,7,3.6,4922,Desarrollo
78,20,Otro,Colombia,22,8.9,7.0,1.0,6,4,5,5.3,4037,Soporte
79,44,Otro,Argentina,15,10.5,4.8,0.7,7,5,9,3.6,3165,Infraestructura
80,26,Femenino,Argentina,21,8.8,8.8,0.4,6,1,3,9.0,3212,Ciberseguridad
81,28,Femenino,Perú,16,6.3,6.2,4.3,0,1,4,3.3,3974,Infraestructura
82,43,Masculino,España,4,11.7,6.5,5.6,1,2,1,5.6,1172,Desarrollo
83,20,Masculino,España,11,11.7,5.2,2.6,2,8,6,6.8,2749,IA
84,27,Masculino,México,10,10.7,6.4,0.7,0,7,4,7.5,1044,Soporte
85,43,Masculino,Argentina,29,11.9,7.3,3.1,6,10,1,5.1,2640,IA
86,30,Femenino,Perú,14,9.3,7.8,2.1,1,9,2,9.0,4227,Soporte
87,36,Otro,Perú,26,11.8,7.8,2.2,2,5,3,6.5,924,Desarrollo
88,27,Femenino,Colombia,2,6.5,6.9,3.7,3,2,9,5.5,3553,Soporte
89,54,Masculino,Colombia,0,8.2,8.5,4.3,2,7,8,2.5,2719,Desarrollo
90,54,Femenino,Perú,19,7.4,8.1,0.7,4,8,7,5.7,2435,Infraestructura
91,52,Otro,Colombia,28,7.2,7.8,0.2,2,7,4,8.6,2225,Datos
92,24,Otro,Argentina,15,6.8,4.3,6.0,4,7,1,6.9,2340,Soporte
93,58,Femenino,Chile,1,9.7,4.0,1.4,1,5,8,8.7,1330,Desarrollo
94,47,Femenino,Argentina,1,10.7,5.1,0.3,2,2,4,6.0,3903,IA
95,26,Femenino,Perú,2,9.5,7.3,1.1,1,6,3,2.9,2601,Desarrollo
96,28,Masculino,Perú,7,6.9,6.1,0.2,1,4,9,2.1,1836,IA
97,27,Femenino,Argentina,23,10.9,6.0,2.4,6,10,10,4.4,4528,Soporte
98,31,Femenino,Colombia,27,9.8,8.4,4.8,0,2,4,7.6,4811,Ciberseguridad
99,53,Femenino,Colombia,14,8.3,8.5,2.0,1,9,4,8.3,4263,IA
100,52,Otro,España,6,10.0,8.5,2.7,1,7,9,4.4,1942,Desarrollo
101,42,Otro,Perú,5,7.6,5.6,4.1,6,6,2,6.0,2555,Soporte
102,43,Masculino,México,8,8.1,7.5,3.1,6,5,5,5.4,2429,Desarrollo
103,56,Masculino,España,19,11.5,5.4,5.2,2,3,4,5.3,1562,Ciberseguridad
104,54,Otro,Colombia,27,7.7,5.0,5.2,6,10,9,3.9,4757,Datos
105,59,Otro,Argentina,0,8.8,4.9,0.1,2,10,5,3.1,1357,Ciberseguridad
106,41,Otro,Colombia,7,11.3,5.7,4.7,3,4,9,3.6,1639,Infraestructura
107,46,Femenino,Argentina,22,10.2,6.1,2.8,6,3,9,2.4,802,Soporte
108,54,Femenino,España,22,6.4,8.2,5.9,0,8,2,3.6,1851,Ciberseguridad
109,20,Otro,Perú,2,6.9,4.6,2.9,1,3,9,2.1,2204,Datos
110,54,Femenino,Colombia,3,6.0,7.7,5.9,0,7,3,7.0,956,Desarrollo
111,56,Femenino,Argentina,25,9.8,6.7,4.5,4,7,4,4.5,2737,Soporte
112,33,Masculino,Perú,24,8.7,5.4,1.5,7,7,1,9.8,1310,IA
113,22,Otro,México,14,6.8,6.5,3.2,6,7,1,3.5,4204,Ciberseguridad
114,20,Otro,Argentina,5,11.7,5.5,6.0,1,2,1,4.8,1937,Datos
115,24,Femenino,España,14,9.2,7.0,5.1,0,10,9,4.9,4714,Ciberseguridad
116,45,Otro,México,20,7.5,6.2,0.6,6,3,8,2.1,4121,Infraestructura
117,33,Masculino,México,2,9.0,4.8,4.2,6,10,5,8.7,1514,Soporte
118,58,Masculino,Chile,24,10.1,4.6,2.1,7,9,5,2.3,3086,Desarrollo
119,46,Masculino,Colombia,20,6.5,6.7,0.0,3,3,9,9.5,3454,Datos
120,28,Otro,Argentina,20,7.6,8.5,2.4,3,2,3,9.1,1790,Ciberseguridad
121,34,Otro,México,13,10.8,5.7,1.4,1,9,3,6.3,2960,Soporte
122,34,Otro,Chile,19,8.8,7.7,4.9,4,10,7,6.3,2944,Ciberseguridad
123,45,Otro,España,13,9.3,7.3,2.0,3,9,9,7.2,2863,Soporte
124,32,Otro,Perú,3,8.6,8.7,5.0,7,4,6,5.1,3403,Infraestructura
125,51,Masculino,Argentina,11,6.3,8.1,0.0,3,9,2,7.2,2777,Ciberseguridad
126,58,Femenino,México,16,7.0,6.8,1.8,4,3,1,2.4,1175,Infraestructura
127,51,Masculino,Colombia,6,8.7,7.3,1.4,0,7,2,2.4,1541,IA
128,23,Otro,Chile,8,7.3,8.5,1.4,3,7,1,5.7,3467,IA
129,49,Masculino,México,2,6.3,6.0,0.4,7,8,10,6.4,2040,Datos
130,56,Otro,Colombia,27,11.1,5.6,1.1,2,10,10,9.1,4270,Infraestructura
131,42,Otro,México,12,11.9,4.1,3.3,7,4,9,2.8,3167,Soporte
132,58,Masculino,Argentina,14,10.8,8.1,1.7,5,3,10,8.6,3043,Datos
133,34,Otro,Argentina,17,11.1,8.0,2.5,5,3,8,3.7,4349,Ciberseguridad
134,48,Femenino,Argentina,18,7.5,4.5,2.3,3,5,7,5.2,1217,Ciberseguridad
135,55,Otro,España,0,11.8,6.9,5.3,0,1,3,4.5,1406,Soporte
136,32,Femenino,España,5,7.2,6.3,5.4,6,10,8,5.2,1367,Desarrollo
137,51,Femenino,Chile,26,11.7,4.6,3.0,0,3,2,3.2,1343,Desarrollo
138,26,Otro,Argentina,26,12.0,8.9,2.0,7,6,2,6.0,1683,Ciberseguridad
139,41,Masculino,Colombia,22,10.3,5.1,0.6,1,3,10,8.4,2023,Soporte
140,47,Femenino,México,26,11.9,4.3,5.7,2,5,3,5.5,3693,Desarrollo
141,21,Masculino,Perú,26,9.4,7.0,0.4,0,9,7,5.9,2868,Infraestructura
142,25,Femenino,Colombia,1,7.6,7.7,1.8,4,2,1,8.8,4509,Ciberseguridad
143,47,Otro,España,23,8.6,4.2,1.8,7,2,8,7.6,2586,IA
144,47,Otro,España,13,9.6,7.3,1.9,2,6,7,5.9,2257,Infraestructura
145,39,Femenino,Colombia,5,6.4,6.7,1.0,5,6,4,4.1,2714,Soporte
146,49,Otro,España,13,9.7,4.5,4.7,7,8,5,9.1,877,IA
147,30,Femenino,Argentina,3,11.9,4.9,0.7,2,2,10,6.6,4413,Infraestructura
148,47,Otro,Chile,20,7.1,6.8,3.8,4,9,1,3.8,2108,Desarrollo
149,44,Masculino,México,7,10.8,5.5,0.7,3,2,4,4.2,1447,Desarrollo
150,58,Otro,Chile,29,11.4,8.7,0.4,4,1,1,8.4,2987,IA
151,52,Masculino,México,2,11.7,8.1,5.5,4,10,1,2.4,1352,Datos
152,20,Otro,México,18,11.8,8.9,1.1,3,2,10,9.9,1081,Ciberseguridad
153,46,Masculino,Chile,29,9.1,5.3,4.9,3,7,1,3.0,2081,IA
154,32,Otro,Colombia,13,11.9,8.8,3.3,3,8,7,8.4,2646,Soporte
155,22,Masculino,México,26,10.5,6.2,0.5,3,5,7,5.2,3287,Ciberseguridad
156,58,Femenino,Chile,19,7.0,5.7,5.7,3,6,4,5.9,3593,Infraestructura
157,25,Femenino,México,16,8.9,4.3,1.5,4,1,2,9.0,4511,Soporte
158,27,Masculino,Perú,24,10.3,4.3,5.2,1,6,3,5.3,4999,Soporte
159,46,Otro,Colombia,7,7.5,7.5,1.0,1,8,8,6.3,3576,Desarrollo
160,28,Masculino,Argentina,23,9.8,6.3,5.1,7,3,8,2.4,2396,Infraestructura
161,56,Otro,México,13,10.0,5.1,0.1,0,1,6,2.0,1279,Desarrollo
162,52,Femenino,Perú,25,7.0,7.1,3.1,1,4,10,4.0,4112,Desarrollo
163,43,Otro,Argentina,5,9.4,5.3,4.6,5,1,9,7.4,4018,Datos
164,34,Femenino,Argentina,22,10.6,6.9,5.6,1,8,9,3.0,2763,Desarrollo
165,51,Otro,México,21,9.0,5.8,5.5,4,5,4,2.9,2942,Ciberseguridad
166,51,Otro,Chile,15,6.1,8.1,4.9,3,1,1,5.3,4698,Soporte
167,43,Otro,México,24,6.1,8.1,5.3,7,8,1,7.2,2872,Desarrollo
168,31,Masculino,Perú,18,8.1,6.4,1.2,3,9,10,7.7,2095,IA
169,58,Masculino,Argentina,13,11.6,5.8,1.7,6,10,5,3.4,1738,Ciberseguridad
170,21,Femenino,México,18,7.4,5.8,1.7,6,2,2,2.6,1561,Infraestructura
171,22,Femenino,Chile,2,9.8,8.0,2.3,6,9,6,9.5,2469,Soporte
172,56,Masculino,México,9,7.3,5.6,2.4,4,8,7,4.1,4662,IA
173,36,Femenino,Colombia,18,7.9,5.0,3.3,5,7,1,8.8,3485,IA
174,21,Masculino,Chile,8,11.1,4.4,1.0,1,3,6,8.9,4699,Infraestructura
175,21,Otro,Perú,27,10.4,6.3,4.1,4,2,8,8.2,2731,IA
176,47,Femenino,Argentina,19,6.6,6.4,1.0,0,7,5,3.4,4739,Ciberseguridad
177,42,Femenino,México,12,8.6,8.2,1.9,7,5,7,8.6,1926,Infraestructura
178,56,Masculino,Chile,6,6.2,5.1,3.0,3,6,10,8.2,4097,IA
179,51,Femenino,Colombia,13,8.9,5.9,4.8,6,4,6,6.8,2003,Infraestructura
180,52,Femenino,Chile,8,10.0,8.0,4.4,2,2,4,4.7,4935,Infraestructura
181,20,Otro,España,26,6.7,8.1,3.9,0,9,7,4.1,4572,Desarrollo
182,38,Femenino,Colombia,27,7.7,5.9,0.9,6,3,10,3.0,1319,Desarrollo
183,21,Otro,Perú,22,8.4,6.3,3.3,5,7,9,6.1,3083,Desarrollo
184,45,Masculino,Argentina,24,11.5,5.5,0.5,0,8,10,6.7,1282,IA
185,51,Femenino,Perú,27,12.0,8.7,2.3,4,2,10,4.9,3277,Soporte
186,25,Otro,México,18,6.3,4.6,2.5,1,6,7,5.8,3893,Ciberseguridad
187,51,Masculino,Chile,14,10.6,8.7,0.2,3,8,5,4.9,1142,IA
188,23,Femenino,España,19,8.2,7.4,1.6,7,7,7,7.1,2262,Desarrollo
189,30,Masculino,Colombia,13,8.4,6.7,5.7,5,3,3,9.2,2002,Infraestructura
190,36,Femenino,Colombia,23,10.5,4.2,5.7,5,1,2,3.3,2421,IA
191,57,Masculino,Chile,5,11.5,6.4,2.1,2,6,5,5.1,3198,Infraestructura
192,43,Masculino,España,20,11.7,6.0,0.3,0,8,4,3.1,4396,Infraestructura
193,24,Otro,Chile,28,9.5,4.8,1.1,2,6,5,7.0,4335,Infraestructura
194,53,Masculino,México,3,8.1,7.3,2.4,1,5,8,7.8,3677,Datos
195,25,Femenino,Perú,7,10.7,8.9,5.7,6,8,4,9.5,3190,Soporte
196,41,Femenino,Colombia,16,7.5,6.8,0.8,1,2,9,4.2,4151,Ciberseguridad
197,30,Otro,México,29,9.4,7.6,4.6,6,1,7,9.6,3713,Ciberseguridad
198,35,Femenino,Perú,8,8.2,4.3,0.7,2,1,10,2.5,1989,Desarrollo
199,52,Femenino,México,0,9.9,6.1,5.9,3,4,7,6.8,3140,Datos
200,28,Femenino,España,23,7.4,4.6,2.3,1,6,8,2.5,4380,IA
201,25,Masculino,Colombia,19,7.1,7.1,4.7,2,9,6,9.2,2403,IA
202,35,Masculino,Chile,24,11.5,8.7,2.1,0,1,8,6.2,4097,Ciberseguridad
203,48,Femenino,Chile,13,6.6,7.3,3.8,2,1,3,7.4,1397,Soporte
204,22,Otro,Perú,10,9.0,4.4,1.2,2,5,10,8.7,1444,Infraestructura
205,39,Masculino,Argentina,20,7.3,5.8,0.9,4,10,10,3.2,3702,Desarrollo
206,55,Otro,España,2,6.2,6.8,5.6,1,5,1,2.3,1563,Soporte
207,38,Femenino,Perú,8,6.2,6.0,5.5,7,5,6,9.0,2442,Ciberseguridad
208,45,Femenino,Argentina,26,7.1,8.2,5.3,3,10,1,4.5,3097,Datos
209,22,Masculino,México,13,11.2,8.1,3.8,3,6,9,3.0,2972,Desarrollo
210,38,Femenino,España,29,7.7,7.1,4.8,4,8,2,5.7,2960,Ciberseguridad
211,39,Masculino,México,8,11.7,5.9,0.4,6,3,2,6.8,4549,IA
212,51,Femenino,Colombia,3,9.5,5.3,2.0,5,9,7,2.2,3722,Desarrollo
213,26,Femenino,España,26,8.6,4.5,1.9,6,1,2,4.2,1379,Ciberseguridad
214,52,Masculino,Argentina,3,9.5,5.8,3.8,3,4,10,2.3,4604,IA
215,59,Masculino,Colombia,27,9.1,6.1,2.1,2,9,8,5.4,3168,IA
216,58,Masculino,Chile,7,10.6,7.4,0.9,4,8,6,9.2,4732,Infraestructura
217,37,Femenino,Argentina,1,7.7,7.3,3.6,0,10,7,9.9,4160,Datos
218,59,Femenino,Perú,8,8.1,4.4,4.9,1,9,7,7.1,1900,Infraestructura
219,20,Otro,Chile,28,11.4,6.0,2.3,1,1,6,3.3,2470,Ciberseguridad
220,30,Masculino,Chile,13,11.7,4.9,0.8,7,9,10,9.2,3020,Soporte
221,47,Femenino,Perú,21,11.4,4.8,1.2,1,3,9,6.1,1016,Infraestructura
222,44,Femenino,España,8,8.5,8.1,1.4,2,10,9,3.2,1175,Soporte
223,42,Masculino,Chile,23,10.7,4.2,1.8,0,9,7,9.4,2409,IA
224,50,Otro,Argentina,22,8.9,6.1,3.9,4,1,9,8.1,4906,Ciberseguridad
225,49,Masculino,Colombia,15,9.0,4.8,3.6,4,1,10,7.9,4639,Datos
226,54,Otro,Chile,28,7.2,8.4,4.2,1,9,3,7.7,3739,Soporte
227,26,Femenino,Argentina,29,9.5,6.8,2.2,0,6,3,3.6,4862,Ciberseguridad
228,35,Otro,México,16,7.1,5.2,4.9,0,4,1,3.7,2413,Soporte
229,45,Femenino,Argentina,15,8.0,6.5,1.2,0,7,5,7.5,4479,Infraestructura
230,21,Masculino,Colombia,29,11.1,7.7,2.8,3,5,4,3.8,2096,Ciberseguridad
231,20,Masculino,Argentina,11,7.2,8.8,4.8,3,10,2,5.5,4796,Infraestructura
232,31,Masculino,Perú,2,6.4,5.1,1.1,1,7,9,8.3,1955,Desarrollo
233,24,Otro,Colombia,10,6.4,8.4,0.7,0,8,3,8.3,3166,Ciberseguridad
234,56,Femenino,España,13,11.6,8.7,5.3,5,8,8,5.6,3691,Soporte
235,51,Masculino,México,17,9.0,8.6,2.1,0,1,6,8.3,2772,Desarrollo
236,28,Masculino,Perú,20,8.5,7.2,4.1,4,8,5,8.7,1584,Infraestructura
237,54,Femenino,España,20,10.9,7.1,0.2,4,6,1,7.2,1881,Infraestructura
238,38,Masculino,Argentina,4,11.0,6.0,4.1,1,4,4,3.8,2833,Soporte
239,35,Femenino,Colombia,15,8.0,7.8,1.9,5,8,3,4.2,2414,Desarrollo
240,22,Femenino,México,19,10.2,6.7,0.3,0,3,1,4.5,3216,IA
241,39,Femenino,Perú,4,10.6,7.4,3.7,6,4,5,2.9,4453,Datos
242,43,Femenino,España,2,9.9,6.1,1.4,5,6,6,4.2,1296,Soporte
243,52,Femenino,España,11,6.9,7.7,2.3,7,7,2,3.7,1304,Infraestructura
244,43,Otro,México,0,11.3,8.1,0.5,1,4,3,5.6,4186,Ciberseguridad
245,30,Masculino,Argentina,20,9.2,4.7,0.9,4,4,6,9.3,3008,Desarrollo
246,27,Otro,México,28,7.7,8.2,1.8,6,7,4,2.8,4016,IA
247,55,Masculino,España,8,8.6,6.7,0.5,4,6,9,7.8,4466,Datos
248,57,Otro,Chile,28,6.2,8.2,5.5,3,8,5,7.5,2208,Ciberseguridad
249,59,Femenino,Perú,8,6.8,6.2,0.0,1,1,4,2.8,4877,Desarrollo
250,39,Masculino,México,3,10.6,5.9,2.9,1,10,2,9.4,2277,IA
251,54,Masculino,España,2,6.0,8.6,0.7,0,7,6,6.5,3197,Soporte
252,44,Otro,Argentina,16,8.5,5.3,1.8,0,7,10,4.9,909,IA
253,54,Otro,España,1,9.1,8.2,5.6,3,7,2,8.1,4354,Soporte
254,44,Masculino,Argentina,23,6.3,6.4,1.0,6,7,7,4.1,1449,Desarrollo
255,48,Otro,México,0,11.8,6.6,5.8,7,10,3,7.5,2299,IA
256,37,Otro,Argentina,7,7.4,5.5,1.2,2,10,9,2.3,1395,Datos
257,37,Otro,Colombia,12,7.8,6.9,4.4,5,8,5,8.7,1778,IA
258,21,Femenino,Colombia,22,7.8,5.6,3.3,2,9,8,5.6,1530,Desarrollo
259,54,Femenino,Colombia,14,7.4,4.2,5.3,2,9,6,7.1,856,Ciberseguridad
260,35,Otro,Chile,7,6.0,5.4,3.3,1,2,10,3.8,3043,Ciberseguridad
261,55,Otro,México,11,10.4,4.0,3.2,5,7,8,7.4,2501,IA
262,52,Femenino,España,21,11.8,8.9,1.2,1,7,3,8.2,2086,IA
263,23,Femenino,España,11,7.3,8.8,1.0,7,4,3,5.8,911,Soporte
264,52,Masculino,Chile,13,10.0,6.0,5.5,5,9,5,6.9,2001,Desarrollo
265,33,Masculino,Argentina,14,10.5,7.6,2.0,4,8,10,5.7,1747,Soporte
266,40,Femenino,Chile,14,11.1,5.7,2.2,1,1,3,9.2,4921,Datos
267,39,Otro,Argentina,8,8.5,7.4,4.6,1,2,8,6.0,1557,Ciberseguridad
268,27,Otro,Argentina,18,7.8,8.0,2.0,1,2,10,8.7,4188,Infraestructura
269,26,Otro,Perú,25,8.0,8.7,5.7,6,8,8,8.4,2641,Infraestructura
270,22,Otro,España,19,10.3,6.0,4.4,3,1,2,5.3,4335,Desarrollo
271,36,Masculino,Colombia,28,10.9,7.9,3.6,1,4,4,3.8,3093,Desarrollo
272,52,Femenino,Argentina,21,7.1,5.3,5.3,7,10,10,5.2,1904,Infraestructura
273,31,Otro,Perú,7,8.2,9.0,0.3,0,5,1,8.6,1461,Desarrollo
274,41,Masculino,España,20,11.4,4.1,1.5,0,9,4,3.8,1708,Ciberseguridad
275,41,Otro,Colombia,18,10.8,7.0,2.8,5,7,4,6.2,2656,Datos
276,49,Femenino,Argentina,5,11.9,7.3,1.4,4,8,10,8.4,3111,Datos
277,57,Masculino,Argentina,19,10.5,7.4,4.5,3,9,9,4.8,1589,Soporte
278,57,Femenino,Chile,24,8.4,4.6,5.5,6,7,3,7.1,971,Ciberseguridad
279,27,Femenino,Chile,28,9.5,8.7,2.5,5,5,2,4.0,2786,Desarrollo
280,46,Masculino,España,18,10.0,4.9,2.1,0,5,9,2.9,2685,Desarrollo
281,46,Masculino,Colombia,3,6.5,7.1,5.8,3,10,9,8.4,1275,Soporte
282,53,Masculino,Argentina,22,9.3,5.1,2.7,3,6,1,2.8,1849,Soporte
283,40,Masculino,España,6,10.3,5.5,2.9,4,5,6,4.2,4929,Desarrollo
284,49,Masculino,España,27,7.0,6.7,2.1,7,9,10,8.8,3111,Desarrollo
285,52,Masculino,México,27,10.7,6.1,5.5,3,3,8,4.8,1961,Ciberseguridad
286,47,Masculino,Chile,3,9.5,4.8,3.4,1,3,3,9.8,1615,Soporte
287,52,Otro,Colombia,21,11.7,4.9,4.6,3,7,9,9.8,4566,Ciberseguridad
288,24,Femenino,Argentina,11,6.3,6.1,4.9,4,7,2,4.1,3722,IA
289,38,Masculino,España,12,7.6,7.8,2.1,5,6,6,2.3,1553,Desarrollo
290,23,Otro,Argentina,2,9.6,8.5,2.6,4,3,1,7.6,1261,Infraestructura
291,54,Otro,México,21,7.8,4.4,5.1,6,7,7,5.6,4039,Infraestructura
292,36,Otro,Colombia,11,10.3,6.0,2.2,4,5,3,2.8,3502,IA
293,47,Femenino,España,1,10.6,4.5,4.8,0,7,7,7.7,880,Desarrollo
294,49,Masculino,Argentina,23,6.6,4.1,5.6,1,2,4,2.2,3604,Soporte
295,48,Otro,Chile,1,9.1,7.3,3.7,7,6,9,9.0,1669,Infraestructura
296,25,Femenino,México,26,9.1,7.0,4.4,0,8,5,3.1,1606,Soporte
297,54,Femenino,Colombia,22,8.2,4.8,4.8,5,1,3,3.0,2734,Infraestructura
298,56,Femenino,México,8,11.6,5.2,5.1,2,4,8,3.4,1503,Soporte
299,43,Otro,Chile,0,11.0,4.1,2.4,5,1,6,9.7,3323,Infraestructura
300,48,Masculino,Colombia,7,10.2,8.2,0.3,1,1,2,7.5,3439,Soporte
301,50,Otro,México,22,10.3,8.9,2.4,3,10,3,8.4,4709,IA
302,54,Otro,Perú,5,8.8,4.7,4.0,4,8,8,5.2,1964,Ciberseguridad
303,52,Masculino,Chile,5,11.5,5.2,2.7,2,7,10,4.7,1419,Soporte
304,40,Masculino,Chile,21,10.2,8.3,4.5,1,10,7,3.9,3866,Ciberseguridad
305,51,Masculino,Chile,24,10.4,8.6,2.1,0,1,10,5.8,1246,Ciberseguridad
306,42,Femenino,Perú,17,11.2,6.1,3.8,4,2,6,6.4,3137,Desarrollo
307,52,Masculino,Perú,16,7.6,4.3,1.1,5,4,1,7.1,1008,IA
308,22,Otro,Argentina,28,10.8,4.2,4.5,0,1,9,4.1,3260,Ciberseguridad
309,37,Masculino,España,11,7.2,6.9,3.3,1,3,3,9.6,4242,Datos
310,44,Otro,México,5,8.1,6.0,1.2,1,8,5,3.4,3511,Ciberseguridad
311,50,Femenino,Argentina,25,8.0,4.1,1.8,5,8,7,9.7,3137,Soporte
312,22,Otro,México,26,11.9,6.9,4.5,2,8,7,2.1,2091,Ciberseguridad
313,59,Otro,España,7,11.1,4.1,2.9,5,6,3,5.8,2998,Soporte
314,43,Masculino,Perú,18,10.2,7.9,1.3,3,6,4,4.7,2200,Soporte
315,51,Masculino,España,27,10.4,5.5,5.8,0,5,10,5.6,3455,Datos
316,41,Otro,Perú,9,9.4,4.2,4.3,2,9,7,6.6,4812,Ciberseguridad
317,42,Masculino,España,0,11.7,6.9,5.7,4,4,8,5.5,1504,Ciberseguridad
318,21,Femenino,Argentina,24,9.0,6.0,2.6,6,10,2,5.3,1625,Infraestructura
319,46,Femenino,Colombia,28,8.3,8.9,2.9,3,7,9,7.9,1804,Infraestructura
320,21,Masculino,Argentina,12,7.0,6.7,5.4,2,1,7,7.5,4260,Desarrollo
321,45,Femenino,México,16,10.7,5.4,3.2,6,9,8,8.7,1176,Soporte
322,36,Masculino,Argentina,2,10.4,7.5,4.2,6,7,6,4.0,1772,Datos
323,59,Otro,Chile,7,8.3,5.4,1.5,0,10,6,6.9,3876,Infraestructura
324,52,Otro,México,13,6.2,8.5,2.7,1,9,9,6.7,1243,Ciberseguridad
325,28,Femenino,España,2,11.0,5.9,0.7,4,7,4,5.0,1554,Desarrollo
326,58,Masculino,México,15,6.1,6.7,1.2,5,2,5,5.9,4404,Datos
327,48,Masculino,Colombia,12,10.2,4.3,0.0,0,6,9,4.5,2971,IA
328,45,Femenino,Perú,19,11.8,6.1,0.2,3,10,1,3.1,3505,Ciberseguridad
329,54,Otro,España,23,8.6,8.2,5.9,7,4,4,3.7,4265,Ciberseguridad
330,44,Femenino,México,16,7.4,8.0,1.5,6,3,7,2.8,3511,IA
331,43,Otro,España,12,10.2,5.1,4.0,3,2,9,7.5,3207,Soporte
332,32,Masculino,España,28,10.9,5.1,5.0,6,6,10,7.3,1422,Soporte
333,26,Otro,España,5,9.3,8.1,3.3,1,8,6,9.6,2523,Infraestructura
334,55,Femenino,Perú,16,11.8,8.7,0.9,7,6,8,7.8,4122,Infraestructura
335,39,Masculino,Argentina,13,6.3,4.5,4.4,1,9,9,2.4,2719,Ciberseguridad
336,20,Femenino,España,16,9.0,6.3,3.6,4,5,10,9.1,1718,Ciberseguridad
337,27,Femenino,Chile,29,10.3,5.7,4.4,5,2,4,8.9,1381,Infraestructura
338,35,Otro,Colombia,7,11.2,8.4,4.6,4,8,1,5.5,4681,IA
339,33,Femenino,Perú,10,7.1,4.4,5.9,1,9,8,6.7,2486,Infraestructura
340,31,Otro,México,19,10.8,5.1,3.4,1,10,2,9.8,4709,Ciberseguridad
341,42,Masculino,Perú,27,9.3,7.8,2.0,3,4,1,6.3,2799,Datos
342,34,Otro,México,0,8.4,4.3,3.9,1,6,7,9.2,3511,Ciberseguridad
343,47,Masculino,Perú,25,6.8,6.5,0.4,7,10,10,2.7,1200,Datos
344,53,Otro,México,6,11.2,6.2,5.4,7,8,9,3.5,4448,Datos
345,21,Femenino,España,20,6.9,5.7,0.7,2,9,9,5.5,3428,Ciberseguridad
346,51,Otro,Argentina,20,7.9,6.0,2.0,6,5,3,6.7,2456,Desarrollo
347,42,Otro,México,16,7.7,6.6,4.9,0,6,6,8.5,1420,Infraestructura
348,41,Masculino,México,29,11.2,4.8,3.6,1,4,7,9.9,1046,Soporte
349,44,Femenino,Chile,9,10.0,6.9,2.4,4,5,10,5.1,4139,Ciberseguridad
350,41,Otro,México,10,10.8,8.0,2.8,5,7,9,2.4,3810,Datos
351,41,Femenino,Chile,21,7.5,7.8,5.1,6,9,2,8.4,3168,Ciberseguridad
352,25,Otro,Colombia,29,9.7,4.8,2.0,6,10,8,6.8,4794,Infraestructura
353,34,Otro,España,8,9.4,4.7,5.2,5,6,7,3.6,2639,IA
354,56,Femenino,Chile,8,11.0,5.3,0.5,5,6,4,6.0,3703,Datos
355,52,Otro,Argentina,23,11.4,5.8,4.7,6,8,2,7.9,4491,Soporte
356,27,Femenino,España,4,6.1,6.0,5.1,2,4,8,8.2,4641,Soporte
357,24,Otro,Chile,16,10.0,7.4,1.1,4,3,5,6.0,2192,Soporte
358,58,Masculino,España,8,6.3,4.3,2.6,2,7,6,4.4,4550,IA
359,23,Femenino,España,16,9.3,4.2,1.0,1,5,7,9.8,3808,Desarrollo
360,25,Otro,España,23,7.7,6.0,4.2,0,2,10,7.3,4138,Datos
361,51,Otro,Colombia,20,7.8,7.5,3.2,5,2,1,5.3,4314,IA
362,49,Masculino,Argentina,18,8.1,5.0,3.8,7,6,8,4.2,1559,Datos
363,54,Femenino,Perú,26,9.7,7.2,1.2,4,8,4,7.8,3568,IA
364,59,Otro,Perú,6,8.0,5.3,1.3,5,1,9,3.9,3888,IA
365,35,Masculino,Chile,22,10.4,8.4,0.2,2,6,1,3.4,2915,Desarrollo
366,32,Otro,España,8,8.4,8.5,1.9,3,2,2,6.2,2523,Datos
367,49,Femenino,Chile,6,6.4,5.5,3.4,1,2,6,4.3,3766,IA
368,38,Otro,Colombia,12,10.7,5.1,5.1,0,7,10,7.0,1229,Desarrollo
369,36,Otro,Colombia,10,7.7,6.1,4.0,1,10,1,2.9,3155,Ciberseguridad
370,38,Otro,México,13,8.6,5.2,2.6,3,1,4,7.2,3259,Infraestructura
371,47,Otro,Colombia,18,10.1,7.4,5.7,0,6,8,4.3,4992,IA
372,45,Masculino,México,10,8.0,8.1,4.3,3,7,10,2.0,2518,Soporte
373,56,Masculino,Argentina,12,6.3,7.4,5.6,1,8,5,3.0,2065,Desarrollo
374,45,Femenino,Chile,13,8.2,8.1,3.2,2,7,9,9.5,2108,Desarrollo
375,42,Masculino,Argentina,12,11.7,6.0,1.6,6,6,6,8.9,1850,IA
376,28,Masculino,Colombia,0,9.9,4.8,0.3,1,9,1,3.9,4273,Desarrollo
377,31,Femenino,Argentina,7,10.0,7.7,4.4,1,3,6,8.2,3049,Ciberseguridad
378,20,Masculino,Argentina,11,9.8,5.8,0.7,1,6,6,6.9,3609,Desarrollo
379,20,Masculino,Argentina,18,7.2,7.4,1.8,4,4,6,9.8,3721,Infraestructura
380,53,Femenino,Colombia,11,8.5,5.4,3.2,3,2,8,5.0,4841,Infraestructura
381,51,Femenino,España,7,10.5,4.4,3.4,7,1,6,7.5,3217,Soporte
382,44,Femenino,Argentina,7,6.6,9.0,3.6,3,1,5,2.5,1332,Ciberseguridad
383,59,Otro,México,28,7.7,4.8,1.0,5,10,2,5.2,1698,Infraestructura
384,20,Otro,Colombia,20,7.7,8.9,2.3,3,3,4,9.7,3454,IA
385,35,Femenino,Argentina,12,8.6,8.9,3.7,5,4,10,6.3,2269,Datos
386,58,Femenino,España,11,11.9,8.0,5.8,4,2,5,4.3,3720,Datos
387,24,Femenino,Colombia,28,6.4,7.3,4.4,2,1,10,3.0,2052,Datos
388,41,Otro,Perú,15,9.1,6.9,5.5,5,4,4,7.6,1569,IA
389,48,Otro,España,0,7.1,8.3,4.6,1,7,2,7.2,1633,Desarrollo
390,22,Masculino,México,12,11.8,5.4,3.6,2,10,7,5.0,3009,IA
391,31,Masculino,Argentina,25,6.7,6.3,1.2,6,6,10,9.6,4224,Desarrollo
392,45,Femenino,Perú,6,8.4,7.1,4.0,4,6,10,2.2,1891,Datos
393,35,Otro,Perú,27,10.4,6.1,3.7,3,9,2,4.4,1996,Soporte
394,56,Otro,Colombia,25,10.2,6.1,3.6,5,2,1,9.4,4714,Soporte
395,41,Otro,Perú,4,8.5,5.7,2.9,7,4,5,4.6,2460,Desarrollo
396,48,Femenino,México,7,8.1,6.8,3.2,1,5,1,4.0,1060,Datos
397,33,Masculino,México,24,8.4,8.3,2.0,0,1,1,6.3,3064,IA
398,47,Femenino,Chile,26,7.6,5.0,3.1,6,8,1,8.6,1985,Soporte
399,24,Masculino,México,13,7.2,8.7,1.2,0,8,6,2.8,3249,Desarrollo
400,49,Masculino,España,22,8.9,7.4,4.8,2,6,9,9.5,4333,IA
401,24,Femenino,Perú,29,7.6,8.1,1.1,3,5,10,8.4,4144,Datos
402,31,Masculino,México,12,7.7,6.8,0.5,7,8,1,3.5,1666,Ciberseguridad
403,35,Masculino,Colombia,14,9.9,7.9,2.6,0,3,5,7.7,892,Datos
404,45,Otro,Chile,22,11.8,4.1,3.9,2,3,9,5.1,3978,Datos
405,45,Masculino,Perú,16,9.6,8.1,2.6,4,2,9,5.2,2151,IA
406,40,Femenino,Chile,14,6.5,4.2,1.7,2,5,1,8.3,1164,IA
407,58,Femenino,Perú,19,6.5,8.4,3.3,6,3,8,9.7,4518,Infraestructura
408,55,Masculino,Colombia,17,11.7,9.0,2.1,7,3,1,3.0,2724,Infraestructura
409,52,Otro,Chile,17,7.8,5.5,5.6,7,6,8,5.4,3895,IA
410,49,Otro,Argentina,1,6.6,5.1,5.5,2,8,1,5.8,3338,IA
411,56,Masculino,España,3,9.6,7.8,3.0,6,2,5,5.0,2096,Ciberseguridad
412,42,Masculino,España,29,9.7,5.3,2.0,2,4,8,4.9,3076,Ciberseguridad
413,29,Femenino,Perú,0,9.9,8.3,4.4,7,7,6,2.4,802,Datos
414,24,Masculino,Argentina,3,7.6,4.5,0.2,7,1,9,7.5,4292,Soporte
415,55,Otro,Chile,17,6.1,4.6,2.8,1,1,1,5.5,2553,Ciberseguridad
416,53,Masculino,Argentina,4,11.8,8.9,2.0,2,10,9,3.6,1710,Datos
417,50,Femenino,Argentina,18,7.5,7.4,5.5,5,7,1,8.5,1106,Desarrollo
418,29,Femenino,Chile,14,10.1,8.2,0.1,2,7,10,8.4,4815,Infraestructura
419,38,Femenino,Colombia,27,10.2,5.6,3.3,7,1,10,5.9,2238,Soporte
420,51,Femenino,Argentina,7,9.7,7.4,4.4,1,1,3,4.4,1672,Datos
421,20,Femenino,Argentina,19,7.9,7.0,2.9,1,4,1,7.1,1941,IA
422,24,Masculino,Colombia,16,7.6,7.0,0.5,4,5,3,4.3,1465,Desarrollo
423,23,Masculino,Argentina,0,9.6,7.4,5.8,6,5,2,3.9,1008,Infraestructura
424,35,Masculino,Argentina,11,11.2,6.9,3.1,3,4,2,7.8,1751,Desarrollo
425,43,Masculino,Argentina,25,11.7,6.1,3.7,0,8,9,2.3,1857,Datos
426,35,Femenino,España,18,6.6,5.4,1.4,0,7,8,2.8,4808,Ciberseguridad
427,21,Otro,México,14,6.9,7.8,2.9,2,9,1,2.1,2668,Infraestructura
428,47,Masculino,Colombia,8,11.7,5.1,2.6,4,7,4,3.2,1571,Desarrollo
429,51,Otro,Argentina,6,10.4,7.5,0.4,2,10,1,2.6,4830,Ciberseguridad
430,46,Masculino,España,1,11.3,5.2,0.6,0,1,1,10.0,1321,Soporte
431,39,Masculino,Colombia,28,7.2,7.1,5.0,6,7,4,4.3,4155,Datos
432,43,Otro,Perú,8,9.5,7.7,1.4,7,1,2,3.2,2200,Datos
433,31,Femenino,Perú,9,10.2,5.1,1.2,6,7,3,3.9,4538,Infraestructura
434,54,Masculino,Argentina,1,10.1,4.3,3.0,6,10,9,9.5,4523,Desarrollo
435,52,Masculino,España,18,8.4,4.7,4.6,1,8,2,6.2,4047,Soporte
436,52,Masculino,España,10,6.1,7.0,0.4,7,9,4,4.9,2658,IA
437,56,Otro,Colombia,12,9.5,8.2,3.5,3,3,1,9.0,4864,Infraestructura
438,31,Femenino,Colombia,9,7.5,4.2,0.7,7,4,2,5.2,3198,IA
439,22,Otro,España,13,8.7,7.7,0.2,4,4,5,4.7,942,Infraestructura
440,20,Otro,Colombia,17,11.7,5.7,0.3,1,9,10,3.7,3651,Desarrollo
441,52,Femenino,España,18,8.4,6.4,5.0,3,7,1,5.0,4269,Soporte
442,59,Otro,México,21,11.0,8.6,0.7,4,3,7,4.5,4495,Desarrollo
443,29,Femenino,España,8,7.1,5.7,0.3,4,10,4,7.4,1517,Datos
444,48,Masculino,Perú,24,10.0,6.3,2.6,0,5,6,4.3,1442,IA
445,32,Femenino,Colombia,6,11.9,4.1,5.1,1,7,8,6.6,4240,Ciberseguridad
446,31,Masculino,España,27,6.6,4.4,1.6,4,8,6,2.5,3348,Datos
447,50,Otro,España,2,6.0,5.3,2.5,5,1,2,3.5,4493,Datos
448,21,Otro,Colombia,19,8.6,4.1,0.2,6,2,1,5.3,1169,IA
449,54,Masculino,México,5,6.6,7.2,2.7,4,7,8,9.5,4450,Infraestructura
450,42,Otro,México,26,10.5,6.1,3.5,3,2,8,5.0,1586,Datos
451,36,Femenino,Colombia,20,11.5,6.7,3.4,0,7,9,7.3,1749,Soporte
452,45,Masculino,Chile,1,8.6,4.9,2.0,2,9,6,4.0,1321,Datos
453,27,Otro,Colombia,28,7.6,5.5,1.9,6,2,1,3.0,3743,Soporte
454,48,Masculino,Colombia,5,8.6,7.3,0.6,0,7,9,2.5,1154,Desarrollo
455,45,Femenino,México,2,10.3,8.8,2.2,2,4,3,4.4,3135,Infraestructura
456,29,Femenino,México,15,6.1,4.3,0.6,1,2,6,3.3,2282,Soporte
457,45,Otro,Colombia,29,9.5,8.5,4.6,1,7,10,3.4,2447,Datos
458,53,Femenino,Colombia,7,9.7,6.9,5.8,4,5,10,8.1,3845,Infraestructura
459,26,Masculino,Colombia,1,9.8,6.8,5.8,5,1,9,2.1,3015,Infraestructura
460,23,Femenino,México,16,7.5,6.5,5.2,1,5,3,6.5,1227,Soporte
461,30,Masculino,Colombia,8,10.3,4.3,3.6,7,3,5,5.0,3337,Soporte
462,48,Masculino,Colombia,29,6.5,4.4,4.2,4,7,5,6.1,1344,Ciberseguridad
463,55,Femenino,Argentina,11,7.2,7.0,1.7,6,6,10,6.5,3564,Ciberseguridad
464,44,Otro,Chile,2,11.3,5.7,3.8,0,8,7,4.5,4565,Infraestructura
465,40,Femenino,Perú,10,10.4,8.6,2.7,1,5,4,4.4,1458,IA
466,55,Masculino,Chile,0,6.1,6.0,2.9,7,2,4,7.9,3627,IA
467,29,Masculino,Argentina,22,7.5,4.7,4.5,0,9,7,9.0,2858,Ciberseguridad
468,56,Femenino,Perú,12,7.3,7.6,1.7,0,8,9,3.5,4127,Datos
469,28,Otro,Colombia,14,7.6,5.5,1.9,5,6,4,2.8,1530,Desarrollo
470,43,Otro,Argentina,25,7.5,6.6,5.5,1,10,4,9.2,2632,Infraestructura
471,54,Masculino,Colombia,4,6.4,7.5,0.3,0,7,6,4.8,1208,Desarrollo
472,54,Masculino,México,20,8.8,8.5,2.9,5,9,6,6.4,4979,Ciberseguridad
473,55,Otro,España,29,10.4,8.0,5.5,5,7,7,4.9,4047,Soporte
474,37,Femenino,Argentina,16,9.6,7.4,3.7,1,3,1,3.0,933,Infraestructura
475,58,Masculino,México,24,10.0,7.4,3.3,5,6,3,6.7,1466,Ciberseguridad
476,51,Masculino,Argentina,22,6.5,8.7,1.5,1,7,9,6.2,1076,Datos
477,43,Otro,Argentina,23,11.7,5.5,2.1,7,2,6,3.6,4107,Infraestructura
478,42,Femenino,México,24,11.0,4.0,5.1,1,3,6,5.6,1681,Infraestructura
479,51,Otro,Perú,5,10.8,5.4,3.4,2,4,5,8.4,2860,IA
480,56,Femenino,Chile,27,10.9,5.1,3.1,0,10,3,6.7,2882,Soporte
481,31,Femenino,Colombia,20,11.6,7.3,0.6,7,6,5,2.8,2037,Infraestructura
482,32,Femenino,Argentina,21,9.3,7.2,0.1,3,1,1,6.4,3252,Soporte
483,42,Masculino,Colombia,10,7.2,7.0,5.8,1,9,3,7.6,958,Ciberseguridad
484,44,Otro,España,17,9.7,4.1,2.3,0,5,4,8.3,3396,Datos
485,54,Otro,México,3,10.5,7.6,3.6,6,7,5,7.0,4615,Datos
486,49,Femenino,Colombia,2,10.4,5.6,0.5,5,9,10,3.2,3326,Infraestructura
487,36,Masculino,México,12,9.1,7.3,4.1,4,9,9,7.7,910,Infraestructura
488,39,Masculino,Colombia,22,6.4,6.8,5.6,1,1,4,7.4,1341,Ciberseguridad
489,44,Otro,Chile,8,8.2,5.7,3.5,5,1,3,2.2,1938,IA
490,41,Masculino,Chile,20,11.5,4.7,0.8,5,3,10,5.3,4083,IA
491,32,Masculino,Chile,5,9.5,4.5,3.5,5,6,1,4.7,4410,IA
492,38,Femenino,Chile,25,9.2,8.2,4.6,5,2,10,7.4,4357,Soporte
493,55,Masculino,Chile,29,7.6,8.6,2.4,5,10,6,3.7,3219,IA
494,31,Femenino,Chile,27,8.2,7.2,5.3,1,1,7,6.7,2556,Datos
495,38,Otro,México,11,11.4,4.5,3.9,6,1,10,9.3,3886,Soporte
496,31,Masculino,Argentina,1,10.0,6.0,5.4,3,5,8,8.4,3106,Ciberseguridad
497,28,Otro,Colombia,2,10.7,7.6,3.7,2,4,1,9.4,1775,Datos
498,26,Otro,Chile,2,8.7,7.9,0.8,5,1,4,9.8,1522,Datos
499,47,Masculino,México,27,9.8,4.6,1.9,5,4,5,2.1,3370,Desarrollo
500,33,Masculino,México,11,7.5,4.0,1.2,2,3,2,7.0,1124,Ciberseguridad
501,50,Otro,México,14,10.2,7.6,5.5,6,2,1,5.3,2329,Ciberseguridad
502,38,Masculino,Argentina,8,8.6,5.8,4.6,7,9,8,8.9,2745,Desarrollo
503,35,Femenino,Colombia,22,8.7,5.3,4.1,6,1,6,4.0,3230,Soporte
504,24,Femenino,Argentina,7,9.9,4.1,1.8,7,7,5,9.8,4911,IA
505,54,Masculino,Perú,10,11.6,6.7,1.1,1,4,9,6.9,4310,IA
506,31,Otro,México,15,6.4,8.3,4.5,0,5,2,8.3,1645,IA
507,44,Masculino,Perú,25,10.9,8.8,2.8,4,10,10,2.7,1367,IA
508,40,Masculino,España,26,7.8,6.8,1.4,4,5,8,3.5,4488,IA
509,55,Otro,Chile,24,8.7,6.6,3.7,0,1,10,8.1,2979,Desarrollo
510,42,Otro,Chile,21,6.1,4.4,0.2,1,6,9,2.2,2819,Ciberseguridad
511,35,Femenino,Argentina,3,7.8,6.7,2.0,4,9,1,8.5,4119,Soporte
512,58,Otro,Colombia,27,9.0,5.9,2.8,6,2,7,2.1,3120,Datos
513,58,Femenino,Perú,0,6.3,7.0,0.9,2,7,8,7.3,2446,IA
514,33,Otro,Colombia,23,8.9,5.9,5.9,0,6,3,4.9,4803,Desarrollo
515,50,Masculino,Argentina,6,11.6,5.2,1.3,6,5,4,6.9,4709,Soporte
516,24,Femenino,Chile,1,6.6,4.5,0.8,3,4,3,7.6,4220,Soporte
517,54,Femenino,Colombia,23,10.6,5.6,1.2,1,4,7,4.7,3331,Soporte
518,42,Femenino,Colombia,27,8.5,4.5,4.6,0,6,9,2.9,1156,Desarrollo
519,48,Masculino,Chile,4,9.9,4.9,2.6,4,4,3,2.6,3881,Datos
520,30,Masculino,Perú,6,7.6,8.9,3.4,1,5,6,6.7,3080,IA
521,37,Masculino,Chile,3,7.0,6.2,0.1,2,6,8,6.2,4931,Soporte
522,31,Masculino,Colombia,4,7.0,6.7,0.2,1,5,6,7.9,3260,Desarrollo
523,28,Masculino,Perú,23,6.4,8.4,2.7,1,7,2,6.1,3587,Ciberseguridad
524,29,Femenino,Perú,0,7.1,9.0,4.9,2,9,7,5.4,1997,Desarrollo
525,36,Masculino,Chile,0,10.0,6.9,5.3,5,10,2,5.2,2078,Desarrollo
526,57,Femenino,Colombia,14,11.3,8.1,0.5,2,7,2,2.2,1265,Desarrollo
527,26,Masculino,Argentina,19,10.9,5.6,3.2,6,7,2,4.7,4800,Soporte
528,32,Otro,Colombia,18,10.1,5.5,5.5,1,4,1,9.8,4148,Desarrollo
529,59,Femenino,México,28,6.7,6.0,2.3,7,1,1,9.0,2287,Ciberseguridad
530,28,Otro,España,9,7.7,7.4,5.0,2,8,7,4.6,1125,Soporte
531,46,Femenino,Argentina,27,7.9,7.4,0.8,5,4,5,6.7,2565,Ciberseguridad
532,21,Otro,Perú,17,7.5,5.6,5.6,6,1,3,8.8,4962,Infraestructura
533,24,Masculino,Argentina,27,9.1,4.7,4.5,7,5,1,5.5,1103,Desarrollo
534,48,Masculino,Perú,2,9.2,7.2,5.6,7,8,10,2.1,2240,IA
535,56,Masculino,Perú,10,8.1,4.6,4.1,0,4,6,2.6,948,IA
536,57,Femenino,Argentina,14,8.1,6.9,2.2,2,8,1,6.1,3834,Soporte
537,38,Otro,Perú,26,11.0,7.5,5.6,2,8,9,9.8,3431,IA
538,27,Masculino,Perú,29,10.7,7.5,1.7,1,3,2,7.5,895,Soporte
539,20,Otro,México,10,7.8,7.8,2.0,6,9,1,2.6,4255,Desarrollo
540,41,Otro,Colombia,16,11.5,8.4,4.2,0,3,7,3.5,3169,Datos
541,36,Masculino,Colombia,16,11.7,6.5,4.6,3,1,6,8.2,4267,Datos
542,26,Masculino,España,5,8.0,7.7,5.6,3,2,6,8.7,1328,Ciberseguridad
543,44,Otro,España,4,8.1,7.1,1.2,4,6,5,6.9,3110,Desarrollo
544,23,Masculino,México,7,9.0,4.9,4.8,2,10,4,7.2,2463,IA
545,55,Masculino,España,1,11.6,4.1,4.4,2,2,4,2.2,4164,Desarrollo
546,25,Masculino,Argentina,15,11.3,5.4,0.4,0,6,3,8.6,3141,Infraestructura
547,50,Femenino,Chile,19,6.6,6.2,2.3,5,1,10,8.3,1492,Datos
548,38,Otro,Chile,23,8.4,7.1,1.7,3,1,8,4.1,1751,IA
549,58,Otro,Chile,11,9.3,8.2,1.8,4,5,7,7.7,2160,Datos
550,46,Femenino,México,5,9.0,5.0,5.9,0,10,9,3.7,1338,Desarrollo
551,29,Otro,México,0,7.2,4.6,3.9,2,9,1,2.3,1619,IA
552,45,Masculino,Perú,3,11.2,8.8,4.3,3,8,7,3.6,3962,Ciberseguridad
553,38,Otro,Chile,16,10.1,4.5,5.9,6,3,10,3.4,4725,Desarrollo
554,58,Masculino,Argentina,12,11.0,6.4,2.3,4,3,4,4.7,1071,Ciberseguridad
555,22,Femenino,España,17,11.2,6.9,4.8,1,1,7,5.3,1828,IA
556,32,Masculino,Argentina,4,10.5,6.7,2.6,3,3,1,6.1,4465,Datos
557,47,Otro,España,29,8.6,4.4,5.2,4,1,5,5.8,2042,Infraestructura
558,39,Otro,Chile,23,9.7,4.3,1.1,0,8,3,4.2,1941,Soporte
559,47,Otro,Chile,23,7.0,4.5,5.7,1,1,5,2.2,1392,Datos
560,27,Femenino,Chile,26,10.0,6.9,1.3,4,5,4,6.8,2405,Ciberseguridad
561,58,Femenino,México,2,7.1,6.7,2.0,4,9,2,5.2,4177,Desarrollo
562,20,Otro,España,10,10.2,5.2,4.5,7,7,4,4.4,4871,IA
563,22,Masculino,México,12,7.4,7.2,2.4,7,4,3,8.9,4494,Datos
564,32,Femenino,México,3,6.7,8.1,3.6,7,9,1,8.0,3150,Infraestructura
565,47,Otro,Colombia,25,7.0,4.2,2.7,2,9,10,8.9,2240,IA
566,44,Otro,Argentina,26,6.0,6.5,4.5,5,2,8,6.0,4426,Ciberseguridad
567,52,Femenino,Argentina,13,10.3,7.4,1.4,3,10,5,3.0,2682,IA
568,57,Femenino,Perú,21,10.4,5.3,0.4,2,10,4,7.6,4511,IA
569,25,Femenino,México,10,9.1,5.5,1.8,6,6,10,3.6,984,Desarrollo
570,51,Masculino,España,26,7.0,7.1,2.8,1,4,5,5.5,1020,Soporte
571,40,Masculino,Colombia,9,6.5,8.5,1.0,5,8,4,2.5,3988,Ciberseguridad
572,35,Otro,Colombia,18,6.1,8.0,2.1,4,7,3,8.6,1893,Desarrollo
573,40,Femenino,Argentina,17,7.0,6.9,2.4,2,7,5,3.0,3745,Soporte
574,30,Masculino,México,5,11.3,7.7,0.3,7,10,4,9.2,3274,Desarrollo
575,56,Femenino,Perú,26,7.4,5.8,3.5,5,9,1,8.9,3415,Soporte
576,55,Otro,México,28,8.1,7.2,5.3,6,5,3,5.7,2812,Soporte
577,54,Masculino,Chile,14,6.6,6.3,0.9,3,6,10,8.0,3290,Soporte
578,38,Masculino,México,20,7.3,4.9,3.6,6,1,10,7.0,1400,Desarrollo
579,39,Masculino,Chile,29,9.1,7.5,4.0,1,6,8,8.4,1960,IA
580,37,Otro,Chile,9,9.6,6.8,2.5,0,2,7,5.5,3535,Soporte
581,33,Femenino,Perú,4,7.5,5.8,4.2,2,6,2,8.3,3018,IA
582,34,Masculino,España,25,6.3,8.6,2.5,7,9,1,5.7,1952,Ciberseguridad
583,50,Otro,Argentina,28,8.3,4.1,3.0,1,8,3,9.5,856,Infraestructura
584,20,Femenino,México,4,7.4,5.6,0.0,0,9,5,5.9,2004,IA
585,22,Otro,Chile,9,7.3,4.3,4.2,7,10,10,5.7,943,Infraestructura
586,35,Femenino,México,27,11.8,7.8,4.0,7,8,1,8.3,1167,Soporte
587,42,Otro,España,4,9.7,7.5,0.2,7,3,3,8.6,2282,Infraestructura
588,30,Femenino,Argentina,2,9.3,5.7,2.2,2,8,3,6.4,1415,Infraestructura
589,31,Masculino,España,22,8.5,7.4,5.9,1,6,5,3.4,4438,Soporte
590,29,Femenino,Argentina,5,8.6,6.0,2.5,7,6,3,5.7,4128,IA
591,51,Otro,Colombia,3,9.2,7.8,3.0,6,6,9,9.7,4027,Soporte
592,35,Otro,Argentina,17,10.2,6.3,5.5,1,3,1,8.0,2388,Ciberseguridad
593,27,Femenino,Perú,27,10.2,6.1,4.3,5,10,4,8.5,3289,Datos
594,57,Masculino,España,8,7.0,8.7,3.5,6,1,10,2.3,3803,Desarrollo
595,31,Masculino,Chile,16,9.0,5.3,4.8,2,4,10,5.7,1498,Soporte
596,43,Femenino,Colombia,28,8.5,4.6,5.2,7,10,4,7.2,3623,Soporte
597,47,Femenino,Perú,12,11.2,6.9,2.7,1,6,1,8.6,1744,Infraestructura
598,27,Otro,México,26,9.8,8.8,2.9,4,10,2,2.4,4681,Ciberseguridad
599,47,Masculino,España,14,9.2,5.9,2.3,2,2,1,8.8,1722,Infraestructura
600,55,Femenino,Chile,29,6.7,4.3,5.8,1,7,6,6.4,2546,IA
601,45,Masculino,Argentina,19,9.6,5.7,4.2,5,7,3,3.6,4920,Soporte
602,27,Femenino,Chile,16,6.7,6.5,0.5,7,4,7,4.5,3653,Soporte
603,47,Femenino,México,12,8.0,4.8,5.2,0,4,5,4.3,2359,Infraestructura
604,47,Masculino,Colombia,15,6.9,7.3,2.9,7,1,9,6.2,1883,Soporte
605,56,Femenino,Colombia,21,10.2,9.0,0.4,0,2,7,2.4,4338,IA
606,55,Femenino,España,3,7.2,6.3,3.3,4,9,4,3.3,1233,Datos
607,46,Otro,Colombia,4,8.4,5.8,2.5,2,10,5,8.5,3726,Desarrollo
608,36,Femenino,España,4,11.4,6.0,5.3,5,8,5,3.1,1889,Desarrollo
609,28,Femenino,España,8,7.2,4.6,1.2,1,8,5,3.9,3757,Desarrollo
610,52,Femenino,España,16,9.0,8.4,5.0,1,9,10,5.6,3412,Datos
611,39,Otro,Argentina,12,8.5,6.1,3.3,0,7,9,6.1,4991,Soporte
612,32,Masculino,Perú,1,6.1,5.9,0.3,5,9,10,8.1,4559,Infraestructura
613,47,Otro,España,12,10.8,7.3,5.8,6,10,3,5.6,2889,Ciberseguridad
614,48,Otro,España,21,6.4,6.2,3.1,4,2,6,8.3,2702,Soporte
615,32,Masculino,Perú,20,8.8,7.2,1.7,0,6,8,6.9,3367,Datos
616,54,Otro,Chile,26,9.4,4.3,2.8,0,3,9,2.9,2798,IA
617,25,Masculino,España,22,9.8,8.1,5.1,4,6,7,3.3,3914,Datos
618,37,Otro,Argentina,18,10.1,8.7,1.8,2,3,3,5.5,3794,Desarrollo
619,24,Masculino,Colombia,2,7.5,7.2,1.2,1,8,1,5.2,2810,Soporte
620,44,Femenino,Colombia,9,6.1,8.8,0.8,2,4,4,7.9,2691,Desarrollo
621,21,Otro,México,1,10.3,4.8,1.8,5,10,6,6.6,1630,Ciberseguridad
622,29,Otro,México,12,9.2,6.4,4.7,6,6,3,5.1,848,IA
623,49,Otro,Colombia,18,11.0,7.0,2.8,7,9,1,3.4,1978,Desarrollo
624,24,Otro,Colombia,25,10.9,6.9,1.4,3,2,6,3.8,3833,Ciberseguridad
625,52,Femenino,Argentina,16,11.1,6.0,1.0,3,2,1,6.6,870,Datos
626,20,Otro,Perú,20,8.9,5.7,2.0,3,7,9,5.4,866,Desarrollo
627,37,Femenino,México,13,8.0,4.6,5.6,4,2,1,6.1,2577,Desarrollo
628,51,Femenino,Perú,11,10.7,6.0,2.1,0,2,6,3.4,3028,Infraestructura
629,30,Femenino,Argentina,20,8.7,4.8,5.9,6,4,1,7.3,2589,IA
630,40,Femenino,Colombia,11,7.1,7.7,2.9,2,9,7,8.8,1412,IA
631,45,Masculino,España,10,11.1,5.0,1.1,7,8,3,4.1,2686,Datos
632,44,Masculino,Perú,6,11.3,4.3,5.3,1,2,6,5.9,2422,Infraestructura
633,41,Otro,Colombia,3,8.8,6.8,2.8,3,8,7,9.8,1496,Ciberseguridad
634,46,Masculino,Colombia,18,6.5,7.0,4.3,2,4,1,4.7,2037,Ciberseguridad
635,32,Masculino,Chile,0,8.3,8.4,5.9,3,2,1,6.8,3206,Datos
636,52,Otro,Perú,27,10.8,6.9,0.3,6,10,5,2.7,1048,IA
637,53,Otro,España,23,11.4,5.7,0.6,3,7,6,6.8,1437,Ciberseguridad
638,54,Otro,Perú,28,7.2,8.0,4.3,1,6,9,2.7,1749,Datos
639,20,Masculino,Colombia,2,6.4,6.7,1.7,7,10,1,9.7,2704,Ciberseguridad
640,40,Masculino,España,12,11.3,4.4,1.1,5,5,4,7.7,4387,Soporte
641,25,Otro,Argentina,14,8.3,6.8,0.2,5,1,10,8.3,1911,Desarrollo
642,47,Femenino,Chile,1,9.3,8.5,0.1,6,2,8,7.6,975,IA
643,36,Otro,Colombia,10,11.8,6.0,4.6,5,8,10,6.7,1522,Soporte
644,24,Femenino,México,3,6.4,5.5,0.8,4,1,9,5.6,4642,Datos
645,50,Femenino,México,18,9.9,4.7,2.8,0,3,3,8.9,4474,Datos
646,24,Otro,Chile,28,6.4,4.8,3.6,4,2,2,9.7,2747,Soporte
647,57,Otro,Argentina,16,8.3,6.2,2.6,2,5,4,6.0,1502,Desarrollo
648,22,Otro,Colombia,2,10.8,7.0,0.2,4,4,2,9.5,2928,Desarrollo
649,42,Masculino,Perú,27,8.6,4.4,4.7,2,7,1,6.7,1726,Infraestructura
650,56,Femenino,Chile,17,12.0,8.7,0.1,2,5,3,6.3,4304,Ciberseguridad
651,56,Masculino,Argentina,7,9.4,7.8,4.6,0,8,7,5.6,3317,Infraestructura
652,29,Masculino,Perú,21,7.9,6.9,5.4,1,4,1,3.7,3197,Desarrollo
653,29,Otro,México,24,7.3,8.1,2.6,7,6,2,2.0,1949,Soporte
654,38,Masculino,México,23,8.1,4.4,3.2,6,4,1,3.9,4180,Ciberseguridad
655,36,Otro,Perú,25,8.2,6.4,2.9,0,2,8,6.1,2678,Soporte
656,40,Femenino,Chile,18,6.4,7.2,2.3,6,1,5,5.0,2053,Infraestructura
657,33,Otro,México,4,8.2,8.1,5.3,5,1,8,5.6,2283,Datos
658,28,Masculino,Colombia,6,8.8,7.9,5.4,5,8,3,9.8,1109,Soporte
659,20,Masculino,España,20,10.3,5.4,2.0,4,4,7,4.8,4752,Infraestructura
660,32,Otro,Perú,7,9.9,8.7,3.7,2,5,8,5.6,3849,Infraestructura
661,23,Otro,Perú,27,10.3,4.6,5.6,3,8,6,3.1,2364,Infraestructura
662,20,Masculino,México,4,6.1,8.4,5.8,3,7,7,2.4,2300,Datos
663,59,Femenino,Chile,16,7.3,8.9,3.1,6,8,2,8.2,815,Datos
664,51,Femenino,Colombia,4,10.0,4.9,2.7,2,8,8,6.6,1405,Datos
665,53,Otro,Chile,3,8.9,7.6,1.7,6,6,5,8.1,2181,Ciberseguridad
666,47,Femenino,Argentina,21,6.0,4.2,5.8,0,10,7,3.2,4183,Datos
667,50,Masculino,Argentina,18,10.8,6.0,0.9,1,2,1,6.6,1694,Datos
668,27,Otro,España,26,10.6,6.6,3.5,7,6,5,4.0,2367,Datos
669,58,Masculino,México,20,9.3,6.9,1.7,0,1,1,3.8,1213,Soporte
670,45,Masculino,México,1,6.4,8.7,1.7,2,1,8,2.1,4920,Datos
671,53,Femenino,México,10,10.6,7.4,2.4,2,3,4,3.0,2804,Ciberseguridad
672,22,Otro,España,21,9.5,6.4,6.0,1,3,4,4.5,1115,Infraestructura
673,31,Otro,Argentina,12,10.7,8.0,0.3,6,5,2,2.9,3855,Soporte
674,20,Femenino,Chile,14,10.5,8.8,3.5,4,1,5,9.9,2649,Desarrollo
675,24,Masculino,España,11,10.8,4.1,0.5,4,10,1,4.5,2753,Datos
676,49,Masculino,España,21,9.1,8.9,0.9,1,6,9,3.0,1188,Infraestructura
677,49,Masculino,Chile,20,6.8,4.4,2.6,4,7,5,3.6,3569,Infraestructura
678,36,Masculino,México,21,10.0,8.1,3.1,3,10,6,6.7,3846,Soporte
679,42,Otro,Colombia,10,9.7,5.4,1.6,4,3,2,2.5,3215,Desarrollo
680,34,Otro,Chile,6,10.5,4.7,1.9,4,4,10,8.9,3189,IA
681,56,Femenino,Argentina,27,7.0,6.2,0.5,4,10,10,9.7,1103,Ciberseguridad
682,40,Femenino,Perú,4,7.2,7.2,1.8,3,10,1,4.0,1563,IA
683,33,Otro,Perú,16,11.3,5.9,5.8,6,10,4,5.6,2773,Infraestructura
684,21,Otro,España,23,10.5,4.3,5.7,4,10,7,2.2,1615,IA
685,30,Masculino,Perú,19,11.4,7.0,2.0,5,10,6,7.1,1677,Infraestructura
686,58,Masculino,Colombia,8,10.6,8.5,3.4,3,3,10,5.3,3126,IA
687,57,Femenino,México,13,9.6,5.9,5.5,1,1,1,4.2,3229,Infraestructura
688,53,Otro,Argentina,25,9.9,5.1,0.0,0,8,1,3.7,2860,Infraestructura
689,57,Femenino,Colombia,11,11.3,6.2,4.9,1,10,8,7.2,2379,Soporte
690,53,Otro,Argentina,5,9.5,4.2,5.7,0,10,4,5.3,3001,Desarrollo
691,37,Masculino,Argentina,16,9.8,8.1,0.5,7,2,5,3.4,4397,Infraestructura
692,49,Femenino,México,18,6.9,8.1,1.0,1,1,7,7.5,2003,Ciberseguridad
693,34,Femenino,España,18,8.8,6.9,5.8,5,8,8,6.5,3224,Ciberseguridad
694,46,Otro,Perú,25,10.3,5.8,3.2,0,7,10,8.9,4675,Datos
695,53,Masculino,México,15,7.6,8.0,0.1,0,7,7,2.9,3623,Infraestructura
696,57,Femenino,Colombia,11,7.2,6.8,1.5,2,4,2,8.3,4085,Infraestructura
697,52,Masculino,España,11,7.9,8.1,2.7,0,9,4,7.4,2863,Infraestructura
698,43,Femenino,Colombia,19,7.4,7.2,4.2,0,6,10,2.9,2779,IA
699,34,Masculino,España,5,7.3,7.9,4.4,2,2,1,7.6,3931,Infraestructura
700,49,Otro,Colombia,22,8.5,7.0,6.0,4,1,10,5.5,3892,Infraestructura
701,36,Femenino,México,25,11.4,6.1,1.7,4,1,9,9.6,4464,Ciberseguridad
702,24,Femenino,España,3,9.0,8.8,3.2,2,9,3,3.1,3136,Desarrollo
703,48,Masculino,España,5,7.1,6.7,3.2,3,4,3,7.1,4414,Desarrollo
704,23,Masculino,Argentina,10,6.5,7.0,2.4,7,5,10,5.1,1297,Datos
705,29,Femenino,Argentina,0,10.2,5.1,1.0,0,3,9,9.7,4617,Ciberseguridad
706,36,Otro,Chile,29,8.3,7.1,5.9,0,4,10,4.6,931,Infraestructura
707,29,Masculino,Colombia,23,10.9,6.9,5.1,2,8,3,9.7,1657,Desarrollo
708,36,Masculino,Argentina,22,10.0,4.9,3.0,2,4,8,9.2,1320,Soporte
709,39,Masculino,Chile,14,10.8,4.3,3.6,3,9,2,4.2,829,Soporte
710,43,Femenino,Argentina,26,7.6,7.0,1.4,5,9,3,8.4,4196,Soporte
711,24,Femenino,Colombia,10,10.2,7.8,3.3,4,6,2,10.0,2060,Infraestructura
712,53,Femenino,España,24,7.6,6.6,4.2,1,2,1,4.0,2358,Infraestructura
713,25,Femenino,Perú,18,11.6,5.1,3.1,5,10,2,5.5,815,Datos
714,21,Otro,Colombia,17,9.8,7.3,5.9,6,7,8,6.2,4405,Datos
715,32,Otro,México,16,7.9,4.4,3.7,4,9,9,4.4,2407,Datos
716,30,Femenino,Argentina,18,7.6,6.2,2.2,0,6,2,2.1,4317,IA
717,42,Otro,Argentina,20,7.1,4.8,4.6,6,3,7,3.8,2816,Soporte
718,35,Masculino,España,13,10.2,4.9,1.0,5,7,5,4.3,4374,Infraestructura
719,50,Masculino,México,26,7.3,5.0,2.3,2,5,3,5.5,2543,Soporte
720,30,Masculino,España,17,9.6,5.9,2.1,3,1,9,3.4,4591,Datos
721,35,Femenino,México,27,7.6,4.3,2.6,4,3,6,9.0,4434,Infraestructura
722,27,Masculino,Perú,18,10.0,6.0,4.7,3,5,1,7.6,1888,Ciberseguridad
723,23,Otro,Argentina,14,10.9,6.6,2.9,6,7,5,2.7,2161,Desarrollo
724,59,Femenino,Argentina,14,10.7,6.4,4.8,4,3,7,7.2,4172,Desarrollo
725,23,Otro,Perú,3,10.6,5.9,3.5,7,6,4,7.2,1275,Datos
726,44,Masculino,Chile,6,7.1,8.2,2.1,7,5,8,9.6,2089,Soporte
727,22,Masculino,España,12,6.5,4.7,4.9,5,1,10,2.0,1128,Ciberseguridad
728,51,Masculino,Perú,2,10.2,6.5,1.4,0,10,5,4.0,4844,Infraestructura
729,22,Femenino,España,15,8.2,4.3,1.3,7,6,9,9.4,2639,Soporte
730,46,Otro,Colombia,8,8.6,4.4,3.0,7,8,9,9.5,1986,Datos
731,48,Femenino,Argentina,7,6.2,6.9,1.6,1,1,9,7.8,4214,Soporte
732,51,Femenino,España,19,7.6,6.8,0.1,3,2,1,8.1,4336,Datos
733,38,Masculino,México,12,6.2,8.4,3.9,3,4,2,2.7,2573,IA
734,40,Femenino,España,16,11.3,6.8,3.1,7,2,3,6.1,2863,Desarrollo
735,24,Femenino,Colombia,16,7.5,8.8,2.7,1,9,4,3.9,2644,Desarrollo
736,37,Masculino,Argentina,16,9.3,4.2,5.8,3,10,10,3.4,3358,Soporte
737,47,Femenino,Perú,0,6.2,4.5,3.4,3,8,9,8.5,2062,Ciberseguridad
738,41,Masculino,Colombia,7,10.0,4.2,5.2,4,8,10,3.1,4091,Infraestructura
739,40,Masculino,Argentina,18,7.9,4.9,0.8,4,4,6,5.7,1818,Datos
740,25,Masculino,España,5,11.4,6.7,3.4,1,5,1,9.5,2589,Infraestructura
741,20,Masculino,Chile,2,11.3,7.2,5.2,6,4,9,3.5,4324,Desarrollo
742,24,Femenino,Chile,26,8.0,4.2,3.5,0,9,6,9.8,4304,Ciberseguridad
743,31,Masculino,México,4,11.4,8.7,4.3,5,2,4,10.0,1606,Ciberseguridad
744,45,Masculino,Argentina,12,12.0,8.2,2.2,7,8,4,6.4,3466,Infraestructura
745,53,Femenino,Chile,14,11.0,5.5,0.6,7,2,3,3.4,1204,Desarrollo
746,33,Femenino,Perú,13,11.1,4.4,2.7,5,1,7,4.5,1393,Infraestructura
747,45,Otro,Argentina,28,7.5,4.8,2.4,7,10,3,5.4,4749,Soporte
748,46,Femenino,Perú,22,9.5,4.6,5.2,7,3,2,4.5,4907,Ciberseguridad
749,28,Femenino,Perú,15,6.4,4.6,1.5,6,9,10,4.2,4080,Ciberseguridad
750,45,Otro,Chile,17,6.6,6.6,5.8,3,3,8,9.8,3012,Soporte
751,41,Femenino,Argentina,21,12.0,5.2,5.7,0,9,4,3.2,2342,Desarrollo
752,49,Femenino,España,28,8.0,5.8,1.5,7,7,8,7.9,1413,Ciberseguridad
753,36,Femenino,Colombia,21,10.5,8.9,2.1,1,10,1,2.0,1668,IA
754,45,Femenino,Chile,10,10.8,7.4,5.4,6,1,5,6.8,1611,IA
755,55,Otro,Chile,2,11.1,8.7,5.8,7,10,9,9.3,2622,IA
756,20,Femenino,España,21,12.0,4.7,2.7,1,5,1,4.3,4977,Datos
757,27,Femenino,Argentina,9,7.4,5.9,1.9,4,9,4,3.5,2544,Datos
758,54,Otro,Argentina,9,6.2,6.8,3.2,3,3,6,7.2,3056,Desarrollo
759,34,Masculino,Perú,29,8.5,4.4,4.1,2,9,10,7.7,4842,Soporte
760,41,Otro,España,20,6.8,4.0,1.6,7,5,8,7.5,4467,Infraestructura
761,33,Masculino,España,15,6.1,7.4,4.4,1,9,3,4.6,1321,Desarrollo
762,45,Otro,Argentina,11,8.2,7.2,0.3,6,10,5,4.0,2325,Infraestructura
763,47,Otro,Perú,1,10.7,6.1,0.3,3,6,7,9.6,2269,Desarrollo
764,42,Femenino,Chile,8,9.4,6.4,2.3,0,9,1,9.4,3475,Datos
765,33,Masculino,México,23,7.9,6.1,2.1,6,7,7,5.7,2313,IA
766,43,Femenino,Colombia,2,9.9,4.1,1.9,4,7,8,8.8,2251,Soporte
767,21,Masculino,Chile,23,7.4,5.7,2.9,5,8,8,5.6,4230,Datos
768,45,Otro,Argentina,29,6.1,4.9,1.9,7,7,9,5.4,3807,Soporte
769,33,Otro,Colombia,24,10.6,4.5,1.2,0,9,6,3.3,3924,Infraestructura
770,26,Masculino,México,29,9.7,8.8,1.9,1,9,6,5.4,2553,Desarrollo
771,22,Femenino,México,14,10.6,7.0,5.8,7,6,2,6.3,2412,Ciberseguridad
772,42,Femenino,Perú,2,6.2,7.6,2.5,1,7,3,2.2,4075,Ciberseguridad
773,37,Femenino,Colombia,18,11.0,5.6,2.7,0,2,4,5.6,1355,Soporte
774,57,Femenino,Perú,17,9.7,6.0,3.5,1,9,4,8.3,2849,IA
775,54,Otro,Chile,7,9.4,5.2,5.9,6,1,8,7.4,1624,IA
776,34,Otro,España,25,9.7,4.5,1.4,3,1,1,7.1,3649,Soporte
777,44,Otro,España,16,11.2,4.9,4.1,1,3,10,9.3,3830,Datos
778,56,Otro,España,7,9.5,8.0,4.3,4,6,4,2.1,1881,Ciberseguridad
779,47,Otro,Colombia,6,9.5,7.4,3.6,3,5,4,6.5,4125,Datos
780,29,Femenino,España,29,11.9,6.7,0.5,6,2,1,8.3,1292,Infraestructura
781,58,Femenino,Chile,6,10.5,6.4,4.1,7,9,3,6.3,874,Ciberseguridad
782,36,Femenino,Perú,2,8.7,8.6,0.4,2,10,5,4.6,3791,Infraestructura
783,58,Femenino,Colombia,0,10.2,4.4,3.6,7,4,6,3.1,4160,Desarrollo
784,41,Otro,Perú,3,8.3,5.4,4.4,1,4,9,9.1,1170,Datos
785,45,Otro,Colombia,24,7.4,5.7,1.3,1,5,9,5.8,1128,Soporte
786,44,Otro,Perú,4,9.6,7.9,5.0,4,8,9,9.0,2590,Ciberseguridad
787,36,Masculino,México,0,11.6,9.0,0.2,6,10,1,6.7,1576,Datos
788,32,Femenino,Perú,14,11.6,5.2,5.1,4,4,9,7.4,2822,Soporte
789,39,Femenino,España,4,8.1,8.4,2.8,5,5,8,8.4,1987,Desarrollo
790,44,Otro,México,12,9.2,8.2,1.3,6,4,2,7.3,2303,Ciberseguridad
791,23,Femenino,Perú,7,7.3,5.1,0.8,0,6,1,5.2,4091,Infraestructura
792,29,Femenino,Colombia,7,12.0,6.0,5.7,0,3,1,6.1,4125,Desarrollo
793,22,Otro,Colombia,4,11.9,6.0,0.4,0,8,6,8.4,987,IA
794,37,Masculino,Colombia,27,9.9,8.9,1.2,4,6,9,5.0,2014,Soporte
795,55,Masculino,Argentina,8,10.8,4.9,2.1,0,10,7,5.1,4086,Ciberseguridad
796,41,Masculino,Chile,0,10.3,8.0,3.7,6,5,5,2.8,4246,Ciberseguridad
797,53,Otro,Colombia,3,9.6,5.7,3.3,0,2,2,9.3,1909,Desarrollo
798,27,Femenino,México,2,6.3,7.7,0.8,2,10,1,2.7,3321,Ciberseguridad
799,59,Otro,Colombia,1,8.7,6.1,1.7,0,10,2,7.2,4679,Soporte
800,38,Otro,Argentina,7,10.0,6.9,1.4,1,7,1,5.3,1330,Desarrollo
801,56,Femenino,España,22,10.1,8.2,1.3,5,2,3,5.2,1870,Infraestructura
802,25,Masculino,México,8,8.2,8.0,2.5,4,1,6,7.4,3936,Desarrollo
803,45,Masculino,Argentina,1,11.7,8.3,4.2,3,7,8,2.5,1762,Desarrollo
804,53,Otro,España,13,7.0,4.3,1.3,5,5,3,6.7,2205,Infraestructura
805,25,Masculino,México,13,9.0,7.5,2.2,2,1,10,8.2,3937,IA
806,56,Otro,Perú,3,10.1,4.7,2.3,4,4,9,8.6,1316,Soporte
807,52,Otro,Chile,29,10.2,6.1,5.9,6,4,10,3.4,3964,IA
808,41,Femenino,Chile,5,9.9,6.7,5.7,7,10,5,9.2,2291,IA
809,40,Femenino,Argentina,10,7.7,6.0,4.8,4,7,7,7.2,4489,IA
810,25,Femenino,España,2,6.9,6.6,1.4,1,9,8,9.1,1390,Datos
811,25,Otro,Chile,7,9.8,9.0,0.4,6,2,3,5.9,2343,IA
812,23,Femenino,España,2,9.6,4.7,1.9,5,1,2,6.3,3856,Datos
813,49,Masculino,España,13,7.1,7.4,1.6,5,2,2,9.4,3006,Infraestructura
814,30,Masculino,Argentina,27,10.2,6.0,3.0,0,7,5,9.2,4139,Soporte
815,49,Otro,Argentina,12,8.7,4.7,4.7,6,10,1,5.6,3508,IA
816,50,Otro,Argentina,12,10.0,4.8,5.1,7,6,2,4.2,4829,Ciberseguridad
817,43,Femenino,Chile,1,11.0,8.7,5.1,1,4,9,5.1,1547,Infraestructura
818,28,Otro,Argentina,12,7.0,8.4,2.2,0,1,7,5.1,1600,Datos
819,22,Otro,Chile,28,6.1,8.5,4.1,0,1,6,4.3,2297,Soporte
820,50,Masculino,Argentina,18,10.7,9.0,1.9,7,5,9,4.1,2179,Desarrollo
821,59,Masculino,Colombia,26,9.7,5.0,0.4,4,1,7,8.9,1479,Soporte
822,56,Femenino,España,5,10.2,5.8,4.2,5,7,5,2.6,4570,Soporte
823,55,Otro,Argentina,15,11.0,7.3,0.1,0,1,9,7.4,4142,IA
824,43,Otro,México,1,10.8,6.4,2.5,2,1,6,3.4,1696,IA
825,50,Masculino,España,7,11.8,6.1,2.0,2,2,6,4.8,2346,Datos
826,25,Otro,España,16,9.2,5.8,4.2,5,10,4,2.5,3926,Datos
827,21,Masculino,Argentina,22,8.9,7.0,4.6,2,3,1,4.2,1483,IA
828,39,Femenino,Perú,1,8.4,6.9,1.8,7,1,5,8.1,2095,IA
829,47,Masculino,Argentina,9,6.9,4.8,4.9,4,9,9,9.1,2185,Ciberseguridad
830,30,Otro,España,27,9.4,6.4,1.8,1,10,8,3.8,1742,Ciberseguridad
831,23,Femenino,México,15,7.7,6.8,2.7,3,8,8,5.7,4080,Infraestructura
832,34,Masculino,España,5,11.5,6.9,4.4,0,5,5,5.8,1833,IA
833,25,Masculino,México,27,9.5,5.1,4.2,3,2,9,9.0,3586,Desarrollo
834,49,Femenino,Chile,1,9.6,7.7,5.9,1,5,3,8.1,3033,Ciberseguridad
835,57,Femenino,Colombia,1,8.1,4.1,1.4,1,6,3,6.1,4445,Datos
836,21,Masculino,España,25,6.3,5.8,4.0,7,1,1,7.4,2420,Soporte
837,34,Otro,Argentina,12,6.2,7.9,3.7,4,4,9,8.8,4335,Infraestructura
838,30,Masculino,Chile,23,8.5,6.8,5.5,2,9,6,2.1,4005,Ciberseguridad
839,27,Femenino,Colombia,14,6.5,5.3,0.9,2,2,2,5.2,3682,Soporte
840,45,Masculino,Argentina,27,9.6,7.5,4.5,7,5,8,9.3,970,Soporte
841,24,Femenino,Perú,1,11.3,6.8,3.4,1,1,9,7.9,2353,Ciberseguridad
842,25,Femenino,Argentina,6,11.3,8.0,1.6,4,4,9,6.3,4697,Desarrollo
843,45,Otro,México,2,10.0,7.7,2.8,4,4,2,6.2,2395,Desarrollo
844,23,Femenino,México,7,7.3,7.1,2.0,5,6,2,4.8,2423,Infraestructura
845,38,Femenino,Perú,22,11.2,6.4,3.5,6,10,7,6.2,4922,Desarrollo
846,39,Otro,Chile,13,11.3,4.7,5.3,0,9,4,7.2,1891,Infraestructura
847,52,Femenino,Colombia,23,7.2,5.3,3.4,7,3,1,5.3,3637,Datos
848,39,Otro,Argentina,29,10.4,6.1,3.8,6,9,8,7.7,1207,Ciberseguridad
849,31,Otro,México,22,7.7,7.0,3.1,7,6,2,8.9,4969,Soporte
850,20,Femenino,Chile,26,10.8,6.6,0.3,2,7,3,3.2,1479,Infraestructura
851,45,Femenino,Perú,21,12.0,5.4,1.4,1,10,5,5.6,1036,Desarrollo
852,33,Masculino,España,28,6.2,4.0,3.0,7,2,3,5.3,3574,Infraestructura
853,57,Otro,México,6,11.4,6.5,1.9,7,10,7,7.5,4237,IA
854,56,Masculino,Perú,20,9.7,5.4,1.1,5,6,7,4.0,4157,Infraestructura
855,30,Femenino,Argentina,6,11.8,7.7,3.0,3,6,2,7.1,3677,Desarrollo
856,55,Masculino,Colombia,0,8.8,4.1,1.9,2,2,7,9.0,3223,IA
857,32,Otro,México,16,11.1,6.9,1.5,0,2,6,5.3,3947,IA
858,22,Masculino,México,8,6.4,8.7,2.8,4,2,10,9.3,1832,Desarrollo
859,52,Otro,Argentina,29,8.0,4.9,0.8,1,10,9,9.9,3654,IA
860,25,Femenino,España,20,6.4,6.4,5.6,2,1,9,2.8,3740,Ciberseguridad
861,29,Femenino,Chile,12,11.9,4.5,5.2,3,5,2,3.9,4501,Soporte
862,24,Otro,Colombia,20,10.9,7.1,4.2,7,8,7,9.6,4870,Ciberseguridad
863,42,Femenino,México,18,11.1,6.8,0.6,0,2,5,9.7,3932,Ciberseguridad
864,29,Femenino,Colombia,20,11.6,6.0,4.7,7,5,6,2.8,4260,Desarrollo
865,21,Femenino,México,18,6.5,6.6,4.8,0,8,1,2.1,2723,Desarrollo
866,32,Femenino,Colombia,24,8.3,8.5,4.6,5,10,7,3.3,1433,Soporte
867,59,Otro,Perú,24,6.4,5.0,0.7,7,5,6,10.0,4903,Infraestructura
868,21,Masculino,México,21,7.3,4.1,3.9,2,2,4,3.4,2192,Ciberseguridad
869,39,Masculino,Colombia,16,7.4,8.3,5.0,3,3,1,6.0,4246,IA
870,20,Femenino,Chile,22,8.8,6.9,3.5,0,6,9,8.8,3898,Soporte
871,56,Masculino,Perú,22,7.6,8.5,3.9,1,5,4,2.2,861,Ciberseguridad
872,28,Masculino,Perú,29,6.6,7.0,2.8,0,4,2,6.8,3269,Infraestructura
873,36,Femenino,Chile,9,7.0,8.1,3.2,3,4,8,4.2,2617,IA
874,28,Femenino,Colombia,9,6.9,6.1,0.2,4,5,2,8.9,1432,Ciberseguridad
875,30,Masculino,Argentina,3,11.8,7.7,3.8,4,2,5,4.3,3398,Datos
876,34,Otro,Chile,7,10.6,8.6,0.5,5,9,6,7.5,4251,Soporte
877,43,Femenino,Colombia,21,11.8,6.9,2.6,2,2,8,7.4,2100,Desarrollo
878,57,Otro,Chile,19,8.6,4.9,1.8,3,10,1,3.8,3453,Ciberseguridad
879,54,Masculino,Chile,19,7.7,5.3,3.3,5,2,1,2.3,2254,IA
880,49,Femenino,México,17,10.8,5.0,0.8,6,10,4,5.3,1938,IA
881,50,Otro,Colombia,13,8.0,5.2,4.1,0,9,5,4.3,3992,Soporte
882,24,Femenino,Argentina,17,7.8,5.5,4.8,6,3,9,8.5,3010,Soporte
883,33,Masculino,México,27,7.4,6.8,1.0,0,10,7,8.4,4559,IA
884,30,Otro,Chile,13,6.8,6.9,0.6,4,7,7,5.7,3829,IA
885,28,Masculino,España,19,7.5,6.1,0.9,5,4,8,6.9,2160,IA
886,53,Masculino,Chile,20,8.1,7.1,5.3,4,6,5,6.8,3226,Ciberseguridad
887,31,Femenino,Chile,23,10.0,4.4,3.2,1,4,5,8.6,863,IA
888,54,Otro,Colombia,14,6.4,4.4,2.8,6,10,1,5.4,2145,Desarrollo
889,54,Masculino,Colombia,21,7.3,4.9,0.6,6,7,9,4.2,1774,IA
890,20,Masculino,México,29,10.9,6.6,3.9,4,1,6,4.1,4961,Desarrollo
891,59,Otro,Argentina,3,6.9,5.1,5.2,1,3,9,6.3,4428,Ciberseguridad
892,41,Masculino,México,12,8.1,5.4,5.0,0,3,3,5.6,2422,Soporte
893,48,Masculino,Perú,26,11.2,6.0,3.8,5,1,5,5.5,1257,Desarrollo
894,27,Otro,Chile,22,6.9,8.1,0.5,1,6,2,2.7,4130,Ciberseguridad
895,30,Otro,España,7,6.5,4.1,0.7,5,9,10,7.7,2540,IA
896,56,Otro,Chile,17,8.9,7.2,0.3,6,8,5,3.7,3826,Ciberseguridad
897,33,Otro,Chile,11,7.8,7.3,1.5,5,7,8,3.6,2754,IA
898,49,Femenino,México,22,9.4,8.0,0.8,6,10,2,5.3,1079,Ciberseguridad
899,54,Otro,España,13,10.8,8.7,1.6,1,8,8,3.8,3191,Soporte
900,40,Femenino,España,1,6.8,4.1,2.3,6,6,4,6.7,1840,Desarrollo
901,56,Femenino,España,17,9.5,4.8,5.7,7,9,10,5.0,1761,Soporte
902,24,Femenino,México,23,9.0,8.4,3.7,2,3,10,5.6,4645,Datos
903,38,Masculino,Chile,1,6.9,6.3,5.0,6,10,1,6.3,2017,IA
904,33,Femenino,México,10,9.7,6.8,4.3,4,10,5,3.6,4020,Desarrollo
905,45,Femenino,Colombia,8,7.6,7.3,0.7,1,9,1,3.2,1174,Soporte
906,23,Masculino,Colombia,11,8.9,7.4,4.4,7,4,7,9.0,4930,Desarrollo
907,44,Masculino,México,16,6.5,8.7,1.7,0,7,8,5.5,2192,Datos
908,44,Masculino,España,14,8.8,9.0,3.8,5,9,3,5.3,2876,Infraestructura
909,37,Otro,Chile,24,7.8,7.6,2.0,7,2,3,2.3,1574,IA
910,59,Masculino,México,16,10.9,5.4,6.0,3,2,7,6.0,4224,IA
911,27,Masculino,México,25,6.3,8.4,1.6,7,9,4,6.4,2923,Ciberseguridad
912,58,Femenino,México,28,8.5,4.2,1.7,1,3,3,6.5,4393,IA
913,59,Masculino,Perú,25,8.8,5.2,5.6,7,9,8,7.7,1079,IA
914,33,Otro,Colombia,17,10.4,8.5,0.1,7,5,3,3.4,3611,Soporte
915,51,Masculino,España,21,9.4,5.3,4.2,4,6,7,4.0,3142,IA
916,57,Otro,Argentina,5,10.0,5.1,4.4,6,2,2,8.5,2274,IA
917,52,Masculino,España,16,10.7,4.7,5.0,5,8,1,9.6,2657,Datos
918,42,Masculino,Argentina,22,11.2,8.3,5.8,2,9,6,3.1,3689,Datos
919,34,Masculino,Perú,23,7.9,6.5,5.9,0,2,8,6.0,1859,Desarrollo
920,52,Masculino,México,17,9.2,7.4,0.4,2,6,1,3.7,2722,Desarrollo
921,44,Otro,Perú,7,11.0,5.2,4.9,7,6,10,2.5,4599,IA
922,36,Otro,Perú,8,11.9,7.8,3.9,3,8,9,4.6,3273,IA
923,52,Femenino,Chile,5,11.3,7.8,3.9,1,10,3,3.1,4939,Ciberseguridad
924,21,Otro,Colombia,4,8.2,5.6,0.8,5,5,3,7.7,2651,Desarrollo
925,33,Masculino,Argentina,11,7.2,6.1,3.9,1,9,4,6.3,4341,Soporte
926,59,Femenino,México,24,8.9,5.0,5.9,4,1,1,3.2,1394,IA
927,59,Femenino,Argentina,28,10.4,8.9,5.5,1,9,9,2.1,1306,Soporte
928,58,Femenino,España,27,9.0,7.2,2.6,0,10,3,8.5,820,IA
929,25,Masculino,Argentina,10,8.9,8.7,0.2,3,7,10,3.4,2199,Soporte
930,25,Otro,España,24,11.0,5.5,2.2,2,4,4,6.8,4001,Infraestructura
931,22,Masculino,Colombia,0,8.2,7.9,5.0,7,3,1,4.7,3261,Soporte
932,26,Femenino,España,10,11.2,7.8,4.2,7,10,4,6.7,4478,Desarrollo
933,27,Masculino,Argentina,18,8.4,7.5,2.8,3,6,1,4.5,1136,IA
934,34,Masculino,Argentina,8,8.0,8.8,0.3,5,1,5,2.7,2467,Desarrollo
935,48,Otro,España,26,8.7,6.0,2.6,1,3,5,3.8,4376,Soporte
936,52,Otro,Perú,1,10.6,4.7,2.8,5,2,7,3.5,1709,Datos
937,49,Femenino,Colombia,11,6.8,7.4,5.6,2,9,8,5.4,1075,Datos
938,58,Masculino,Chile,3,7.2,7.6,3.8,5,3,4,7.3,1691,Datos
939,46,Masculino,México,3,11.7,6.9,1.9,4,2,7,4.1,812,IA
940,55,Otro,Argentina,17,7.1,5.0,3.2,3,4,4,2.1,4857,Ciberseguridad
941,48,Masculino,México,14,9.4,6.5,0.4,2,2,3,6.2,3825,Infraestructura
942,57,Masculino,Chile,18,9.5,5.6,5.8,2,1,6,6.8,1773,Soporte
943,52,Masculino,México,12,8.9,6.1,2.2,6,6,4,9.7,4770,Ciberseguridad
944,56,Otro,Chile,18,9.9,7.2,2.9,2,10,3,6.7,2208,Datos
945,46,Femenino,España,16,7.4,7.7,2.1,6,8,9,5.8,2743,Soporte
946,52,Femenino,Perú,5,9.3,5.2,4.1,0,10,5,6.6,3088,Ciberseguridad
947,23,Masculino,Argentina,15,8.2,6.0,4.0,7,10,7,9.4,1346,Desarrollo
948,41,Femenino,Chile,23,10.0,5.3,4.3,6,2,6,8.6,2018,Datos
949,21,Otro,México,11,6.8,5.0,1.6,3,9,10,4.6,2220,Ciberseguridad
950,29,Otro,Argentina,18,9.4,7.9,1.9,5,3,5,3.9,2254,IA
951,24,Femenino,Perú,4,7.1,8.5,0.8,6,8,7,4.1,4177,Desarrollo
952,29,Femenino,España,16,7.7,5.9,3.9,2,8,6,6.0,3572,Datos
953,52,Masculino,Argentina,25,7.3,7.8,0.2,3,3,10,8.0,4898,Infraestructura
954,57,Femenino,Chile,22,7.1,8.5,3.6,6,3,2,6.0,3538,Datos
955,32,Masculino,Perú,25,11.0,8.2,5.2,6,6,3,2.5,4547,IA
956,50,Masculino,México,28,7.7,4.9,5.3,2,1,2,7.8,2642,Infraestructura
957,55,Otro,Perú,0,11.6,8.8,2.7,4,4,3,8.4,1546,Infraestructura
958,43,Otro,Perú,27,11.8,5.9,2.8,4,1,1,4.3,3616,Infraestructura
959,34,Otro,Colombia,26,9.4,5.7,0.5,6,3,8,7.3,1671,Soporte
960,48,Otro,Perú,24,6.9,4.3,4.0,4,9,6,5.4,1294,Soporte
961,27,Femenino,Perú,23,8.2,6.4,4.9,1,5,2,9.1,4244,Infraestructura
962,24,Otro,Argentina,22,10.8,4.5,1.5,2,5,8,8.8,1875,Desarrollo
963,48,Femenino,México,9,8.2,5.2,2.5,1,4,6,6.2,4794,Infraestructura
964,23,Otro,Argentina,14,6.5,5.6,5.0,3,3,7,7.5,845,Ciberseguridad
965,31,Femenino,Argentina,22,9.3,8.0,5.3,1,5,1,9.1,3856,Infraestructura
966,21,Masculino,Chile,20,11.1,8.4,1.5,3,4,7,6.0,2857,Soporte
967,46,Femenino,Argentina,20,10.8,5.5,3.3,6,8,3,4.5,1463,Soporte
968,50,Femenino,Colombia,10,7.1,8.3,1.2,3,4,8,8.0,2829,Ciberseguridad
969,55,Otro,Colombia,12,10.0,8.3,0.6,3,8,6,3.8,3496,Ciberseguridad
970,55,Femenino,Chile,4,7.3,7.8,5.5,5,6,4,5.1,1439,Datos
971,45,Masculino,España,0,7.3,4.7,4.9,1,5,8,8.9,3463,Desarrollo
972,46,Masculino,México,23,11.2,7.5,4.6,5,4,9,7.8,3545,Desarrollo
973,24,Otro,México,11,7.5,8.7,0.3,6,4,10,5.2,3395,Desarrollo
974,39,Masculino,Argentina,10,7.6,7.4,5.1,2,4,2,3.7,4227,IA
975,30,Femenino,Argentina,16,6.0,5.7,2.6,1,9,6,4.8,1194,Soporte
976,29,Masculino,España,3,11.2,6.5,2.1,2,4,5,4.3,4397,Desarrollo
977,59,Otro,Argentina,14,10.8,7.2,3.3,2,9,5,3.4,3132,Datos
978,57,Femenino,México,24,9.8,6.6,0.5,3,10,10,7.9,1129,Datos
979,25,Otro,Perú,29,10.5,4.6,4.5,7,6,3,4.0,2897,Desarrollo
980,27,Femenino,Colombia,8,6.9,5.6,3.5,1,10,8,5.6,1572,Ciberseguridad
981,42,Masculino,Perú,20,8.7,8.0,1.1,2,7,8,5.1,2445,Datos
982,45,Otro,Perú,19,8.1,8.3,1.1,7,10,5,9.9,2532,Ciberseguridad
983,31,Otro,México,18,6.6,4.7,1.1,4,3,8,5.1,2587,Soporte
984,45,Femenino,Perú,18,8.9,8.8,0.3,2,8,10,2.6,2423,IA
985,32,Otro,España,11,11.5,5.6,3.5,4,3,8,2.7,1799,Datos
986,59,Femenino,Chile,4,6.2,7.3,5.0,1,1,3,6.7,2648,Ciberseguridad
987,37,Femenino,Argentina,9,7.7,7.8,0.1,6,10,2,6.8,2361,Desarrollo
988,44,Femenino,Chile,16,7.2,8.1,0.3,5,5,9,5.4,1573,Soporte
989,52,Femenino,Colombia,4,7.4,8.7,3.4,1,2,2,5.5,2603,Infraestructura
990,59,Masculino,Argentina,21,11.5,5.6,4.9,5,10,9,2.4,1898,Infraestructura
991,31,Femenino,Perú,15,8.8,8.3,2.0,5,6,4,6.1,2850,Desarrollo
992,55,Otro,Colombia,6,8.8,4.7,2.1,1,10,2,6.0,2398,Soporte
993,23,Masculino,Argentina,27,10.6,7.5,3.6,2,9,10,3.2,1547,Soporte
994,24,Otro,España,8,6.9,7.7,1.6,0,1,1,2.8,4773,Soporte
995,56,Masculino,España,2,8.9,7.4,0.2,2,4,4,3.0,3122,Soporte
996,27,Femenino,España,14,8.6,5.3,4.4,2,1,9,2.8,2353,Infraestructura
997,47,Masculino,España,15,9.6,8.4,3.8,6,1,9,6.9,2415,Ciberseguridad
998,50,Masculino,Perú,17,12.0,4.8,3.5,3,8,4,3.6,4554,Soporte
999,28,Otro,Chile,13,10.6,4.3,4.5,3,2,9,4.0,3102,Ciberseguridad
1000,48,Otro,Argentina,2,8.4,7.6,4.1,2,1,6,3.4,4455,Soporte
